development,scenario,veh_km,case_type
0,scenario_19,540144.3768610478,development
103,scenario_19,555740.259149304,development
104,scenario_19,541988.059017279,development
109,scenario_19,563595.4993590092,development
114,scenario_19,544011.3827429983,development
12,scenario_19,546085.6664550728,development
126,scenario_19,555596.7929620794,development
140,scenario_19,541888.2682862545,development
143,scenario_19,541377.0105449918,development
144,scenario_19,549826.2089951608,development
15,scenario_19,540283.0836133867,development
150,scenario_19,550527.9265536184,development
152,scenario_19,510683.9438029451,development
17,scenario_19,558444.2075616597,development
176,scenario_19,543890.8472709152,development
177,scenario_19,541318.3251348925,development
195,scenario_19,550924.7492486541,development
197,scenario_19,543287.8766343256,development
2,scenario_19,554403.2953093696,development
201,scenario_19,555911.8771997504,development
202,scenario_19,547060.8653534842,development
206,scenario_19,543108.2134903534,development
209,scenario_19,546842.8791109552,development
227,scenario_19,542323.3652794507,development
233,scenario_19,542919.6158375975,development
240,scenario_19,542467.5641588836,development
243,scenario_19,557990.602240085,development
245,scenario_19,550945.360645618,development
249,scenario_19,556022.7427756463,development
25,scenario_19,551770.8292489616,development
250,scenario_19,545219.0157698517,development
254,scenario_19,505506.10461031925,development
255,scenario_19,543817.6065342946,development
261,scenario_19,545941.9724970505,development
267,scenario_19,542200.3989473531,development
27,scenario_19,551423.2168878237,development
270,scenario_19,544145.9659643394,development
273,scenario_19,542871.5336703009,development
277,scenario_19,549820.0475088423,development
28,scenario_19,561010.1617118813,development
284,scenario_19,543849.2449639348,development
285,scenario_19,556448.2495473564,development
289,scenario_19,555762.9413630025,development
308,scenario_19,548227.3015068835,development
331,scenario_19,556222.0355609518,development
334,scenario_19,539551.3928326012,development
348,scenario_19,560338.0516403532,development
351,scenario_19,555366.3230745044,development
356,scenario_19,548926.6506367212,development
358,scenario_19,554524.8054832107,development
390,scenario_19,547309.4714522142,development
392,scenario_19,541452.9027494912,development
394,scenario_19,544431.1947531677,development
423,scenario_19,541399.9497625884,development
459,scenario_19,550032.3483988168,development
464,scenario_19,541248.3929300605,development
469,scenario_19,550531.9861713791,development
486,scenario_19,556460.3475003176,development
493,scenario_19,541287.581651408,development
499,scenario_19,550117.584949329,development
517,scenario_19,542491.7654648062,development
521,scenario_19,561921.2156535609,development
531,scenario_19,552095.8125537718,development
533,scenario_19,545076.146673426,development
538,scenario_19,543566.0667133927,development
540,scenario_19,543392.2688449577,development
546,scenario_19,542621.3492764594,development
550,scenario_19,544498.7727015931,development
552,scenario_19,544609.970154142,development
556,scenario_19,543128.8053683408,development
557,scenario_19,504960.8489904744,development
558,scenario_19,557839.4874835196,development
564,scenario_19,555976.5324992795,development
565,scenario_19,547227.6902868629,development
569,scenario_19,543081.4337421367,development
57,scenario_19,541667.2327123905,development
594,scenario_19,548953.8542721398,development
602,scenario_19,547160.6988178327,development
612,scenario_19,563581.6472061675,development
614,scenario_19,543625.53389325,development
62,scenario_19,541570.5749224005,development
625,scenario_19,544905.4504034212,development
627,scenario_19,544150.7860373621,development
628,scenario_19,543970.123082782,development
629,scenario_19,543176.0423416542,development
63,scenario_19,556827.6093782573,development
648,scenario_19,544340.0758384785,development
662,scenario_19,561800.0833945236,development
669,scenario_19,539824.1257303972,development
670,scenario_19,545211.825360951,development
673,scenario_19,540452.1097438352,development
678,scenario_19,552363.2118016053,development
680,scenario_19,547128.5541040705,development
682,scenario_19,557865.8350544157,development
689,scenario_19,556429.802392506,development
694,scenario_19,545226.0060160308,development
726,scenario_19,543954.2191913808,development
73,scenario_19,546282.6993033699,development
736,scenario_19,541308.2171910864,development
750,scenario_19,556863.3549710199,development
755,scenario_19,545517.375710934,development
759,scenario_19,563594.6973354148,development
761,scenario_19,541168.8605188405,development
764,scenario_19,549079.4281849306,development
767,scenario_19,541187.9266899057,development
770,scenario_19,541501.8125725877,development
775,scenario_19,555973.0684570221,development
776,scenario_19,545023.7656092657,development
780,scenario_19,543895.753881389,development
789,scenario_19,557912.719122471,development
791,scenario_19,547179.4225550706,development
809,scenario_19,547451.2822968924,development
810,scenario_19,548746.9624005486,development
811,scenario_19,541637.2231782787,development
813,scenario_19,549681.7994695336,development
822,scenario_19,543649.2085232224,development
831,scenario_19,544134.5272431455,development
837,scenario_19,543087.6311153354,development
858,scenario_19,548672.4433005521,development
863,scenario_19,547460.8168756657,development
866,scenario_19,543739.36548898,development
873,scenario_19,556146.6700953924,development
878,scenario_19,546432.5574341301,development
887,scenario_19,545826.4881329242,development
895,scenario_19,554988.5642860918,development
9,scenario_19,511725.1431922081,development
90,scenario_19,542802.8833228137,development
935,scenario_19,544279.3005239853,development
938,scenario_19,546288.272271764,development
94,scenario_19,541213.7720025247,development
940,scenario_19,544276.5985773043,development
945,scenario_19,556079.2162043428,development
952,scenario_19,557640.0418248869,development
958,scenario_19,543192.646862725,development
964,scenario_19,541748.97039123,development
970,scenario_19,544697.9241849335,development
971,scenario_19,542770.2254343344,development
987,scenario_19,541300.1774158076,development
status_quo,scenario_19,541239.4593620441,status_quo
0,scenario_26,244901.95509405647,development
103,scenario_26,251940.48466598772,development
104,scenario_26,245704.379528768,development
109,scenario_26,255496.45590340826,development
114,scenario_26,246653.26896372196,development
12,scenario_26,247564.18584011085,development
126,scenario_26,251871.50345357784,development
140,scenario_26,245664.8006831145,development
143,scenario_26,245463.5893319684,development
144,scenario_26,249284.23552839336,development
15,scenario_26,244965.11486615386,development
150,scenario_26,249575.1835452871,development
152,scenario_26,231536.60728936992,development
17,scenario_26,253171.18204761803,development
176,scenario_26,246572.24376749044,development
177,scenario_26,245432.5598342745,development
189,scenario_26,47258.55092207876,development
195,scenario_26,249753.24168577595,development
197,scenario_26,246298.3942217188,development
2,scenario_26,251336.2599567328,development
201,scenario_26,252014.85945550704,development
202,scenario_26,248006.41704680357,development
206,scenario_26,246213.06674546847,development
209,scenario_26,247912.83908697712,development
227,scenario_26,245887.7576132986,development
233,scenario_26,246126.8405646339,development
240,scenario_26,245951.9498080294,development
243,scenario_26,252955.33581094796,development
245,scenario_26,249792.36742932518,development
249,scenario_26,252065.18002309234,development
25,scenario_26,250164.26395935073,development
250,scenario_26,247197.57452682406,development
254,scenario_26,229186.16175636937,development
255,scenario_26,246537.22224568354,development
261,scenario_26,247498.83724614812,development
267,scenario_26,245798.01633205608,development
27,scenario_26,250007.9512935723,development
270,scenario_26,246685.60208535157,development
273,scenario_26,246138.38337267318,development
277,scenario_26,249258.77077232828,development
28,scenario_26,254333.32439599288,development
284,scenario_26,246551.34459855687,development
285,scenario_26,252257.8824664717,development
289,scenario_26,251949.3521361107,development
308,scenario_26,248533.96608316578,development
331,scenario_26,252155.7857347529,development
334,scenario_26,244632.88819916564,development
348,scenario_26,254018.89741700306,development
351,scenario_26,251756.85937240362,development
356,scenario_26,248852.74812899026,development
358,scenario_26,251391.21576604812,development
390,scenario_26,248123.24899271806,development
392,scenario_26,245498.93685010946,development
394,scenario_26,246842.29868329968,development
423,scenario_26,245468.80098748484,development
459,scenario_26,249351.70015035907,development
464,scenario_26,245404.16683392812,development
469,scenario_26,249581.5011976482,development
486,scenario_26,252262.15444970346,development
493,scenario_26,245422.5681479733,development
499,scenario_26,249417.41299533777,development
517,scenario_26,245965.8941547178,development
521,scenario_26,254738.49848366895,development
531,scenario_26,250283.03802766997,development
533,scenario_26,247111.38667095208,development
538,scenario_26,246456.55464651206,development
540,scenario_26,246348.34379108474,development
546,scenario_26,245990.1500999417,development
550,scenario_26,246880.94141582085,development
552,scenario_26,246899.90121950267,development
556,scenario_26,246220.5384456519,development
557,scenario_26,228943.6166848777,development
558,scenario_26,252894.92596866697,development
564,scenario_26,252048.09873185135,development
565,scenario_26,248079.93158886163,development
569,scenario_26,246205.78980460204,development
57,scenario_26,245592.981261259,development
594,scenario_26,248861.9283688772,development
602,scenario_26,248049.73728928695,development
612,scenario_26,255490.23155540408,development
614,scenario_26,246459.79800903675,development
62,scenario_26,245549.8951225385,development
625,scenario_26,247025.92174811906,development
627,scenario_26,246715.18201907605,development
628,scenario_26,246599.55578363762,development
629,scenario_26,246273.3946038595,development
63,scenario_26,252428.43425263066,development
648,scenario_26,246774.64102327495,development
662,scenario_26,254684.8543433147,development
669,scenario_26,244754.13592186783,development
670,scenario_26,247194.28642514526,development
673,scenario_26,245041.3269125486,development
678,scenario_26,250440.31863880213,development
680,scenario_26,248035.6444572634,development
682,scenario_26,252906.8360747155,development
689,scenario_26,252253.21943483877,development
694,scenario_26,247180.4665635199,development
726,scenario_26,246586.66307035182,development
73,scenario_26,247653.55217068843,development
736,scenario_26,245467.40486937357,development
750,scenario_26,252449.35929695488,development
755,scenario_26,247332.3578514789,development
759,scenario_26,255496.6944432409,development
761,scenario_26,245365.6403809306,development
764,scenario_26,248919.71479421188,development
767,scenario_26,245378.10358136165,development
770,scenario_26,245515.1321220761,development
775,scenario_26,252043.04102727398,development
776,scenario_26,247072.10177540706,development
780,scenario_26,246606.85563840164,development
789,scenario_26,252928.01286106498,development
791,scenario_26,248073.00013678198,development
809,scenario_26,248196.80134543113,development
810,scenario_26,248767.3221325457,development
811,scenario_26,245580.38007211543,development
813,scenario_26,249202.4175942222,development
822,scenario_26,246465.32042473895,development
831,scenario_26,246673.49738183263,development
837,scenario_26,246203.61788912196,development
858,scenario_26,248733.73458624468,development
863,scenario_26,248191.9054378204,development
866,scenario_26,246503.74258564741,development
873,scenario_26,252120.62220317143,development
878,scenario_26,247728.00388265474,development
887,scenario_26,247442.1810885511,development
895,scenario_26,251601.5937761247,development
9,scenario_26,232007.9320860684,development
90,scenario_26,246074.03899067832,development
935,scenario_26,246755.48678175814,development
938,scenario_26,247664.66779017105,development
94,scenario_26,245388.38995244633,development
940,scenario_26,246750.38335952273,development
945,scenario_26,252084.8619234086,development
952,scenario_26,252802.53060250476,development
958,scenario_26,246287.01709956874,development
964,scenario_26,245601.0345536037,development
970,scenario_26,246928.91849440883,development
971,scenario_26,246091.6187424313,development
987,scenario_26,245442.41943762233,development
status_quo,scenario_26,245376.64368814207,status_quo
0,scenario_44,413392.68856549833,development
103,scenario_44,425322.05141115136,development
104,scenario_44,414792.0760163236,development
109,scenario_44,431336.9362123303,development
114,scenario_44,416355.9378725132,development
12,scenario_44,417932.28193663986,development
126,scenario_44,425211.2782973225,development
140,scenario_44,414718.3869429117,development
143,scenario_44,414338.2727413355,development
144,scenario_44,420803.7092754657,development
15,scenario_44,413499.1215806386,development
150,scenario_44,421331.64041918045,development
152,scenario_44,390831.97300513525,development
17,scenario_44,427393.2490396419,development
176,scenario_44,416253.24063951476,development
177,scenario_44,414291.42757711676,development
195,scenario_44,421635.08708776254,development
197,scenario_44,415789.2625369424,development
2,scenario_44,424298.6646652599,development
201,scenario_44,425452.33657569706,development
202,scenario_44,418676.998557987,development
206,scenario_44,415649.00336388836,development
209,scenario_44,418511.96155654255,development
227,scenario_44,415061.01230340236,development
233,scenario_44,415504.7740688053,development
240,scenario_44,415170.8185502082,development
243,scenario_44,427046.2252520249,development
245,scenario_44,421660.21779201715,development
249,scenario_44,425536.87924591923,development
25,scenario_44,422292.2685365595,development
250,scenario_44,417279.7791438319,development
254,scenario_44,386868.5163222962,development
255,scenario_44,416195.03718632506,development
261,scenario_44,417819.82971976284,development
267,scenario_44,414955.5859248076,development
27,scenario_44,422026.1531607234,development
270,scenario_44,416446.4812555811,development
273,scenario_44,415482.0398550804,development
277,scenario_44,420789.8929645648,development
28,scenario_44,429358.4206426172,development
284,scenario_44,416217.90795989736,development
285,scenario_44,425862.7769819362,development
289,scenario_44,425339.01394443755,development
308,scenario_44,419571.43508188304,development
331,scenario_44,425690.1023473025,development
334,scenario_44,412938.80871305574,development
348,scenario_44,428842.33385843126,development
351,scenario_44,425036.9377334724,development
356,scenario_44,420106.2486926251,development
358,scenario_44,424391.6251021259,development
390,scenario_44,418869.16493300244,development
392,scenario_44,414396.26227710076,development
394,scenario_44,416676.81689015194,development
423,scenario_44,414353.80310473137,development
459,scenario_44,420953.1777892738,development
464,scenario_44,414239.2178848509,development
469,scenario_44,421335.0374423586,development
486,scenario_44,425872.3210345959,development
493,scenario_44,414268.83694628853,development
499,scenario_44,421026.47902596206,development
517,scenario_44,415191.9831775576,development
521,scenario_44,430054.86872222944,development
531,scenario_44,422531.7078697667,development
533,scenario_44,417157.2104550568,development
538,scenario_44,416010.15792796,development
540,scenario_44,415868.61418257403,development
546,scenario_44,415278.82399785914,development
550,scenario_44,416724.16968832264,development
552,scenario_44,416802.3851421016,development
556,scenario_44,415665.8579388866,development
557,scenario_44,386450.4303533888,development
558,scenario_44,426930.2246613806,development
564,scenario_44,425503.08365204657,development
565,scenario_44,418806.6676502913,development
569,scenario_44,415630.9591636952,development
57,scenario_44,414558.9203794694,development
594,scenario_44,420127.295145927,development
602,scenario_44,418755.3346452756,development
612,scenario_44,431326.31178934604,development
614,scenario_44,416049.3189149018,development
62,scenario_44,414484.60679283,development
625,scenario_44,417024.8116939617,development
627,scenario_44,416461.150036276,development
628,scenario_44,416310.06649178785,development
629,scenario_44,415713.67688230507,development
63,scenario_44,426153.43941535614,development
648,scenario_44,416597.06742892467,development
662,scenario_44,429962.00621954125,development
669,scenario_44,413148.10462031455,development
670,scenario_44,417274.1438558558,development
673,scenario_44,413628.4488482108,development
678,scenario_44,422745.28227811155,development
680,scenario_44,418730.2823693891,development
682,scenario_44,426950.39650737774,development
689,scenario_44,425849.92923789966,development
694,scenario_44,417273.79155912745,development
726,scenario_44,416297.9582171488,development
73,scenario_44,418082.4926402375,development
736,scenario_44,414300.9569727558,development
750,scenario_44,426181.5484500102,development
755,scenario_44,417508.2260746812,development
759,scenario_44,431336.36284639244,development
761,scenario_44,414176.9845323946,development
764,scenario_44,420223.58733184775,development
767,scenario_44,414192.97350976465,development
770,scenario_44,414430.9313191632,development
775,scenario_44,425499.47631625494,development
776,scenario_44,417116.6869922192,development
780,scenario_44,416262.563399197,development
789,scenario_44,426986.5818070303,development
791,scenario_44,418768.2662852346,development
809,scenario_44,418976.2968391595,development
810,scenario_44,419968.67071887327,development
811,scenario_44,414536.79301888164,development
813,scenario_44,420685.4474114331,development
822,scenario_44,416066.20115786523,development
831,scenario_44,416435.83182621707,development
837,scenario_44,415633.3071229635,development
858,scenario_44,419912.6201989772,development
863,scenario_44,418985.0463258528,development
866,scenario_44,416134.90535963804,development
873,scenario_44,425631.86012404173,development
878,scenario_44,418194.06200301787,development
887,scenario_44,417733.1473522846,development
895,scenario_44,424746.55530285987,development
9,scenario_44,391629.09637561836,development
90,scenario_44,415415.3067948875,development
935,scenario_44,416549.2444277605,development
938,scenario_44,418087.3289503758,development
94,scenario_44,414212.44819941645,development
940,scenario_44,416547.13067972835,development
945,scenario_44,425583.72212181566,development
952,scenario_44,426777.6837588686,development
958,scenario_44,415724.3866285492,development
964,scenario_44,414611.82543789846,development
970,scenario_44,416869.25738143653,development
971,scenario_44,415404.01946630393,development
987,scenario_44,414288.4035040159,development
status_quo,scenario_44,414226.4009526994,status_quo
0,scenario_64,511650.1194448409,development
103,scenario_64,526432.7436670231,development
104,scenario_64,513393.52566402167,development
109,scenario_64,533889.7961584552,development
114,scenario_64,515322.5431721416,development
12,scenario_64,517284.94607832504,development
126,scenario_64,526296.7536693572,development
140,scenario_64,513299.0402082651,development
143,scenario_64,512819.0110809889,development
144,scenario_64,520835.78586614906,development
15,scenario_64,511781.92599328165,development
150,scenario_64,521495.1115913539,development
152,scenario_64,483694.74975138874,development
17,scenario_64,528990.3442243107,development
176,scenario_64,515202.73254976503,development
177,scenario_64,512762.91019898903,development
195,scenario_64,521872.46402919234,development
197,scenario_64,514623.55425458,development
2,scenario_64,525163.9781524024,development
201,scenario_64,526594.9352417078,development
202,scenario_64,518202.5459584382,development
206,scenario_64,514450.4712776357,development
209,scenario_64,517996.87212990347,development
227,scenario_64,513717.8707029354,development
233,scenario_64,514274.7537822088,development
240,scenario_64,513854.62424053147,development
243,scenario_64,528580.0330022448,development
245,scenario_64,521893.4163141199,development
249,scenario_64,526699.7290192306,development
25,scenario_64,522680.96451667027,development
250,scenario_64,516469.8835795766,development
254,scenario_64,478792.68476120604,development
255,scenario_64,515131.22640647826,development
261,scenario_64,517142.2975429723,development
267,scenario_64,513601.346254682,development
27,scenario_64,522349.0040907079,development
270,scenario_64,515442.89845377643,development
273,scenario_64,514238.7763550548,development
277,scenario_64,520819.18886744446,development
28,scenario_64,531429.2944906682,development
284,scenario_64,515154.8514704619,development
285,scenario_64,527103.9069656065,development
289,scenario_64,526454.7220272495,development
308,scenario_64,519315.78406526294,development
331,scenario_64,526888.4729678908,development
334,scenario_64,511089.66640730645,development
348,scenario_64,530801.9743184182,development
351,scenario_64,526102.1448926941,development
356,scenario_64,519972.32880051184,development
358,scenario_64,525279.2570593972,development
390,scenario_64,518441.1480413031,development
392,scenario_64,512890.7495220406,development
394,scenario_64,515721.62322240847,development
423,scenario_64,512844.3405822945,development
459,scenario_64,521027.30036686256,development
464,scenario_64,512697.4507469544,development
469,scenario_64,521494.6192340379,development
486,scenario_64,527116.2300091994,development
493,scenario_64,512734.23517055094,development
499,scenario_64,521109.0883979956,development
517,scenario_64,513878.9675385865,development
521,scenario_64,532300.8831639874,development
531,scenario_64,522984.4991870303,development
533,scenario_64,516309.6874926093,development
538,scenario_64,514880.57698542834,development
540,scenario_64,514717.51044325146,development
546,scenario_64,514000.5781149451,development
550,scenario_64,515762.8393789694,development
552,scenario_64,515882.4369483663,development
556,scenario_64,514478.2660308007,development
557,scenario_64,478266.86155597115,development
558,scenario_64,528421.3394660217,development
564,scenario_64,526656.443919244,development
565,scenario_64,518370.0813218192,development
569,scenario_64,514425.59201212734,development
57,scenario_64,513092.9208068963,development
594,scenario_64,520005.9006566873,development
602,scenario_64,518306.58138397534,development
612,scenario_64,533876.6792336595,development
614,scenario_64,514943.60320069996,development
62,scenario_64,513001.34767699114,development
625,scenario_64,516157.09451761935,development
627,scenario_64,515454.7393966115,development
628,scenario_64,515279.3056731428,development
629,scenario_64,514527.4796943989,development
63,scenario_64,527464.6161012129,development
648,scenario_64,515630.42921612493,development
662,scenario_64,532184.1561838475,development
669,scenario_64,511351.2011801452,development
670,scenario_64,516462.529870682,development
673,scenario_64,511942.1600074781,development
678,scenario_64,523228.1266672175,development
680,scenario_64,518274.7066586222,development
682,scenario_64,528446.3338438013,development
689,scenario_64,527085.774999584,development
694,scenario_64,516462.13163154304,development
726,scenario_64,515271.49780732155,development
73,scenario_64,517473.0280176924,development
736,scenario_64,512757.74100576056,development
750,scenario_64,527496.3509386219,development
755,scenario_64,516753.32810944197,development
759,scenario_64,533888.5100299737,development
761,scenario_64,512621.4221998064,development
764,scenario_64,520123.8465349004,development
767,scenario_64,512638.19968492124,development
770,scenario_64,512937.09984749614,development
775,scenario_64,526652.069063009,development
776,scenario_64,516284.57836552017,development
780,scenario_64,515193.12962583505,development
789,scenario_64,528493.8137237733,development
791,scenario_64,518299.6628838178,development
809,scenario_64,518556.58122323814,development
810,scenario_64,519810.03825324296,development
811,scenario_64,513066.73809820146,development
813,scenario_64,520684.5933746,development
822,scenario_64,514966.2352181449,development
831,scenario_64,515435.49211510277,development
837,scenario_64,514431.35367436457,development
858,scenario_64,519741.3673375666,development
863,scenario_64,518583.7258798317,development
866,scenario_64,515050.32278619334,development
873,scenario_64,526817.9814344088,development
878,scenario_64,517591.67802568845,development
887,scenario_64,517042.233085214,development
895,scenario_64,525717.7876297925,development
9,scenario_64,484682.82888755354,development
90,scenario_64,514162.8389428178,development
935,scenario_64,515560.8414338991,development
938,scenario_64,517467.0901876674,development
94,scenario_64,512664.4349179384,development
940,scenario_64,515558.92603819934,development
945,scenario_64,526777.3861722822,development
952,scenario_64,528236.1894142051,development
958,scenario_64,514527.78767357906,development
964,scenario_64,513168.1053018154,development
970,scenario_64,515974.81674028526,development
971,scenario_64,514143.17587118555,development
987,scenario_64,512748.9336621216,development
status_quo,scenario_64,512687.96968057886,status_quo
0,scenario_70,337905.8911925819,development
103,scenario_70,347640.7458492691,development
104,scenario_70,339038.7475760405,development
109,scenario_70,352548.4788819256,development
114,scenario_70,340323.60979843885,development
12,scenario_70,341602.28320204077,development
126,scenario_70,347548.9528499574,development
140,scenario_70,338980.46896885976,development
143,scenario_70,338679.4069238397,development
144,scenario_70,343954.782536057,development
15,scenario_70,337992.857676465,development
150,scenario_70,344378.584070592,development
152,scenario_70,319484.0011035743,development
17,scenario_70,349337.7435893129,development
176,scenario_70,340232.095550763,development
177,scenario_70,338639.0873516988,development
195,scenario_70,344625.43515551666,development
197,scenario_70,339856.58007754636,development
2,scenario_70,346806.11752609495,development
201,scenario_70,347746.35987422284,development
202,scenario_70,342213.5411353971,development
206,scenario_70,339741.38136720815,development
209,scenario_70,342080.06271430233,development
227,scenario_70,339267.07552861073,development
233,scenario_70,339621.9044930163,development
240,scenario_70,339356.40735727956,development
243,scenario_70,349041.35373460845,development
245,scenario_70,344655.9900233703,development
249,scenario_70,347815.40800200036,development
25,scenario_70,345169.3237446327,development
250,scenario_70,341075.91759962286,development
254,scenario_70,316241.89443186513,development
255,scenario_70,340184.7491031133,development
261,scenario_70,341512.8752900038,development
267,scenario_70,339168.46482943033,development
27,scenario_70,344953.26757893036,development
270,scenario_70,340389.86887948733,development
273,scenario_70,339611.04580131854,development
277,scenario_70,343939.7533125246,development
28,scenario_70,350939.90184293943,development
284,scenario_70,340206.37019380013,development
285,scenario_70,348081.3716635448,development
289,scenario_70,347653.8150552954,development
308,scenario_70,342940.58741556556,development
331,scenario_70,347940.9520743133,development
334,scenario_70,337534.24931515695,development
348,scenario_70,350509.99742716184,development
351,scenario_70,347392.61343552405,development
356,scenario_70,343380.93178688735,development
358,scenario_70,346881.8044674829,development
390,scenario_70,342370.47677267675,development
392,scenario_70,338727.3167863197,development
394,scenario_70,340584.987483296,development
423,scenario_70,338688.5765686757,development
459,scenario_70,344068.94868374424,development
464,scenario_70,338597.90169606515,development
469,scenario_70,344384.90543713456,development
486,scenario_70,348088.20709573483,development
493,scenario_70,338622.395271399,development
499,scenario_70,344138.0702721792,development
517,scenario_70,339374.3067138963,development
521,scenario_70,351502.1540119036,development
531,scenario_70,345356.8094200988,development
533,scenario_70,340978.70542935655,development
538,scenario_70,340051.1000629015,development
540,scenario_70,339924.21675246634,development
546,scenario_70,339433.23449465627,development
550,scenario_70,340635.8257004959,development
552,scenario_70,340681.73271887976,development
556,scenario_70,339750.7030193751,development
557,scenario_70,315906.2816514297,development
558,scenario_70,348956.43062883976,development
564,scenario_70,347788.9552390025,development
565,scenario_70,342314.477641514,development
569,scenario_70,339728.16452789644,development
57,scenario_70,338859.0656315999,development
594,scenario_70,343393.4052794411,development
602,scenario_70,342272.5060113918,development
612,scenario_70,352539.8477189522,development
614,scenario_70,340071.38169409445,development
62,scenario_70,338798.70797735726,development
625,scenario_70,340863.2722698594,development
627,scenario_70,340408.66127354023,development
628,scenario_70,340274.3508223667,development
629,scenario_70,339799.1644253374,development
63,scenario_70,348317.82029275823,development
648,scenario_70,340511.74322504655,development
662,scenario_70,351427.4557569379,development
669,scenario_70,337703.111776163,development
670,scenario_70,341071.50858230866,development
673,scenario_70,338098.3808214735,development
678,scenario_70,345548.6803534077,development
680,scenario_70,342252.9153167811,development
682,scenario_70,348972.91041230597,development
689,scenario_70,348072.49838439503,development
694,scenario_70,341069.72215543396,development
726,scenario_70,340259.45332781033,development
73,scenario_70,341723.81235326076,development
736,scenario_70,338660.58233762387,development
750,scenario_70,348343.2638090065,development
755,scenario_70,341262.21400026366,development
759,scenario_70,352548.2698548096,development
761,scenario_70,338546.16204400884,development
764,scenario_70,343472.97665423714,development
767,scenario_70,338561.32396346366,development
770,scenario_70,338753.04496246274,development
775,scenario_70,347785.4401548072,development
776,scenario_70,340928.8341841593,development
780,scenario_70,340257.7090091183,development
789,scenario_70,349000.82332324475,development
791,scenario_70,342299.3396849406,development
809,scenario_70,342469.8772495271,development
810,scenario_70,343263.43262624514,development
811,scenario_70,338840.6151404299,development
813,scenario_70,343858.25776558684,development
822,scenario_70,340083.1686146525,development
831,scenario_70,340376.7743515635,development
837,scenario_70,339728.3346119972,development
858,scenario_70,343216.88178882404,development
863,scenario_70,342465.63992625213,development
866,scenario_70,340139.4262194632,development
873,scenario_70,347892.4888083916,development
878,scenario_70,341827.81390814297,development
887,scenario_70,341436.62947688944,development
895,scenario_70,347172.3256785588,development
9,scenario_70,320134.4899336517,development
90,scenario_70,339549.3169364811,development
935,scenario_70,340480.72523983405,development
938,scenario_70,341736.22769615555,development
94,scenario_70,338576.11682734406,development
940,scenario_70,340477.68344991386,development
945,scenario_70,347840.52906460164,development
952,scenario_70,348829.59185934457,development
958,scenario_70,339817.0768464421,development
964,scenario_70,338892.84992463334,development
970,scenario_70,340729.4303435272,development
971,scenario_70,339546.7925679386,development
987,scenario_70,338642.9100681387,development
status_quo,scenario_70,338579.30395679234,status_quo
0,scenario_75,414215.79381564364,development
103,scenario_75,426170.0878964573,development
104,scenario_75,415617.8971186811,development
109,scenario_75,432198.53141630144,development
114,scenario_75,417185.4740949686,development
12,scenario_75,418765.3539328553,development
126,scenario_75,426059.1356799196,development
140,scenario_75,415543.95589413255,development
143,scenario_75,415163.1550842714,development
144,scenario_75,421642.9576554024,development
15,scenario_75,414322.5229789732,development
150,scenario_75,422171.7057531382,development
152,scenario_75,391605.2251160098,development
17,scenario_75,428244.98002100247,development
176,scenario_75,417082.455906988,development
177,scenario_75,415116.2937933303,development
195,scenario_75,422475.92070772353,development
197,scenario_75,416616.7843114451,development
2,scenario_75,425144.3989413192,development
201,scenario_75,426300.67925387045,development
202,scenario_75,419510.8679877018,development
206,scenario_75,416476.12808209955,development
209,scenario_75,419345.3920857944,development
227,scenario_75,415887.63233381516,development
233,scenario_75,416331.97830003005,development
240,scenario_75,415997.7081969922,development
243,scenario_75,427899.19802312576,development
245,scenario_75,422500.905562915,development
249,scenario_75,426385.39346911473,development
25,scenario_75,423134.6915050478,development
250,scenario_75,418111.42682583054,development
254,scenario_75,387634.2097643746,development
255,scenario_75,417024.0921334594,development
261,scenario_75,418652.0420941815,development
267,scenario_75,415782.34812143445,development
27,scenario_75,422867.74873755244,development
270,scenario_75,417276.0958434228,development
273,scenario_75,416309.6143690998,development
277,scenario_75,421628.3492756933,development
28,scenario_75,430214.8467833674,development
284,scenario_75,417046.2929686368,development
285,scenario_75,426711.9657288889,development
289,scenario_75,426187.167935664,development
308,scenario_75,420408.03757606767,development
331,scenario_75,426538.7761902483,development
334,scenario_75,413761.3010229939,development
348,scenario_75,429698.8415290532,development
351,scenario_75,425886.29609209474,development
356,scenario_75,420943.23201460624,development
358,scenario_75,425237.61452006956,development
390,scenario_75,419703.60497495095,development
392,scenario_75,415221.33645387826,development
394,scenario_75,417507.1394397262,development
423,scenario_75,415179.40950787754,development
459,scenario_75,421792.58564436145,development
464,scenario_75,415064.0847714034,development
469,scenario_75,422174.6976170473,development
486,scenario_75,426721.63099820295,development
493,scenario_75,415093.6957121577,development
499,scenario_75,421865.8522899118,development
517,scenario_75,416018.9082462978,development
521,scenario_75,430913.6528494264,development
531,scenario_75,423374.6332288877,development
533,scenario_75,417986.76006173406,development
538,scenario_75,416837.3760424936,development
540,scenario_75,416695.8728000823,development
546,scenario_75,416106.35443424986,development
550,scenario_75,417552.6322158517,development
552,scenario_75,417632.6909923069,development
556,scenario_75,416493.6981812799,development
557,scenario_75,387214.27192733984,development
558,scenario_75,427781.4092505275,development
564,scenario_75,426351.3953554819,development
565,scenario_75,419641.75272764027,development
569,scenario_75,416457.9805771796,development
57,scenario_75,415384.28327635094,development
594,scenario_75,420965.0981760899,development
602,scenario_75,419590.38493873953,development
612,scenario_75,432187.95677229826,development
614,scenario_75,416877.4079064176,development
62,scenario_75,415309.8726491992,development
625,scenario_75,417855.047448287,development
627,scenario_75,417290.9890427971,development
628,scenario_75,417139.50312434754,development
629,scenario_75,416541.8983218684,development
63,scenario_75,427003.450060547,development
648,scenario_75,417427.3328326407,development
662,scenario_75,430820.3899057239,development
669,scenario_75,413971.14108558936,development
670,scenario_75,418105.68390746135,development
673,scenario_75,414452.1455730658,development
678,scenario_75,423587.3305713951,development
680,scenario_75,419565.01927362185,development
682,scenario_75,427801.6227075274,development
689,scenario_75,426698.97621330846,development
694,scenario_75,418104.5481243428,development
726,scenario_75,417128.2181727974,development
73,scenario_75,418915.9638443175,development
736,scenario_75,415125.7338136744,development
750,scenario_75,427031.26895027386,development
755,scenario_75,418340.45744392544,development
759,scenario_75,432197.87579813495,development
761,scenario_75,415001.6306109235,development
764,scenario_75,421061.4728413987,development
767,scenario_75,415017.5321528641,development
770,scenario_75,415256.2042017524,development
775,scenario_75,426347.73143052694,development
776,scenario_75,417948.40427113464,development
780,scenario_75,417090.3869185048,development
789,scenario_75,427838.16728942684,development
791,scenario_75,419600.68337526976,development
809,scenario_75,419809.0840521553,development
810,scenario_75,420806.2743703204,development
811,scenario_75,415362.2397282237,development
813,scenario_75,421523.0763397293,development
822,scenario_75,416894.39809735987,development
831,scenario_75,417265.56934484513,development
837,scenario_75,416460.37858028203,development
858,scenario_75,420750.2105842135,development
863,scenario_75,419819.63329298334,development
866,scenario_75,416963.04461598676,development
873,scenario_75,426480.5561752493,development
878,scenario_75,419025.3254253755,development
887,scenario_75,418566.0713067571,development
895,scenario_75,425593.1718028241,development
9,scenario_75,392404.09366454877,development
90,scenario_75,416242.09937684814,development
935,scenario_75,417378.17413010914,development
938,scenario_75,418919.46698126564,development
94,scenario_75,415037.25062805467,development
940,scenario_75,417376.08049307263,development
945,scenario_75,426434.58121288626,development
952,scenario_75,427628.94795408513,development
958,scenario_75,416551.15113767394,development
964,scenario_75,415437.27392180654,development
970,scenario_75,417700.63722529646,development
971,scenario_75,416231.45531644125,development
987,scenario_75,415112.91586692794,development
status_quo,scenario_75,415051.19567632925,status_quo
0,scenario_78,560929.3478952495,development
103,scenario_78,577135.3479245735,development
104,scenario_78,562844.7842940835,development
109,scenario_78,585306.321420459,development
114,scenario_78,564952.3557639807,development
12,scenario_78,567107.4072875298,development
126,scenario_78,576986.6534839165,development
140,scenario_78,562740.0952690733,development
143,scenario_78,562209.8539147652,development
144,scenario_78,570997.0062737385,development
15,scenario_78,561073.6317858641,development
150,scenario_78,571722.8997598405,development
152,scenario_78,530295.5997703313,development
17,scenario_78,579939.1097888855,development
176,scenario_78,564824.8685305484,development
177,scenario_78,562149.2127510248,development
195,scenario_78,572136.3932759623,development
197,scenario_78,564192.351915322,development
2,scenario_78,575744.9038888387,development
201,scenario_78,577313.7161597557,development
202,scenario_78,568115.2988177977,development
206,scenario_78,564004.1421349673,development
209,scenario_78,567888.7882308285,development
227,scenario_78,563195.1672989441,development
233,scenario_78,563811.086113078,development
240,scenario_78,563345.2217728911,development
243,scenario_78,579485.8508499786,development
245,scenario_78,572156.9736273817,development
249,scenario_78,577428.6843730247,development
25,scenario_78,573019.3543824798,development
250,scenario_78,566209.315514951,development
254,scenario_78,524921.4672820175,development
255,scenario_78,564747.8281264253,development
261,scenario_78,566953.317429282,development
267,scenario_78,563071.1892815921,development
27,scenario_78,572655.8413447383,development
270,scenario_78,565089.3477374676,development
273,scenario_78,563765.3668654452,development
277,scenario_78,570982.795766895,development
28,scenario_78,582610.8307800974,development
284,scenario_78,564775.2880430736,development
285,scenario_78,577871.4582999103,development
289,scenario_78,577159.4922435805,development
308,scenario_78,569333.3428360843,development
331,scenario_78,577635.3911809614,development
334,scenario_78,560315.0364225273,development
348,scenario_78,581922.2425772165,development
351,scenario_78,576769.1450533407,development
356,scenario_78,570054.3423055814,development
358,scenario_78,575871.2583521841,development
390,scenario_78,568375.2022856035,development
392,scenario_78,562288.3375033784,development
394,scenario_78,565389.4631083921,development
423,scenario_78,562237.7767364614,development
459,scenario_78,571209.2293894977,development
464,scenario_78,562076.6180624553,development
469,scenario_78,571722.8955114981,development
486,scenario_78,577884.7688291806,development
493,scenario_78,562117.3295712074,development
499,scenario_78,571297.2167932756,development
517,scenario_78,563370.6008173556,development
521,scenario_78,583565.1680481338,development
531,scenario_78,573354.7671446223,development
533,scenario_78,566042.3655238791,development
538,scenario_78,564473.074958467,development
540,scenario_78,564296.4167314512,development
546,scenario_78,563508.2433744045,development
550,scenario_78,565440.5987903754,development
552,scenario_78,565570.8532258155,development
556,scenario_78,564032.7338900394,development
557,scenario_78,524346.9100016893,development
558,scenario_78,579314.7112140286,development
564,scenario_78,577380.5347286706,development
565,scenario_78,568295.9439114064,development
569,scenario_78,563975.9083505655,development
57,scenario_78,562510.9162200007,development
594,scenario_78,570089.7342357112,development
602,scenario_78,568226.3479259376,development
612,scenario_78,585291.9203731982,development
614,scenario_78,564542.8944584777,development
62,scenario_78,562410.3715679795,development
625,scenario_78,565874.201902907,development
627,scenario_78,565097.5513518023,development
628,scenario_78,564910.0866048144,development
629,scenario_78,564082.7352161185,development
63,scenario_78,578266.4979308313,development
648,scenario_78,565293.5455266458,development
662,scenario_78,583437.7071889234,development
669,scenario_78,560600.7305737942,development
670,scenario_78,566201.4458158637,development
673,scenario_78,561249.3917869163,development
678,scenario_78,573621.8193318074,development
680,scenario_78,568192.2263142989,development
682,scenario_78,579342.1132499104,development
689,scenario_78,577851.3009672331,development
694,scenario_78,566207.0471903186,development
726,scenario_78,564900.3379623932,development
73,scenario_78,567313.6258095473,development
736,scenario_78,562136.1041843876,development
750,scenario_78,578301.5374254128,development
755,scenario_78,566519.8622112857,development
759,scenario_78,585305.0156163983,development
761,scenario_78,561993.9544360669,development
764,scenario_78,570219.0761188375,development
767,scenario_78,562012.1934684243,development
770,scenario_78,562340.278290209,development
775,scenario_78,577376.2999135614,development
776,scenario_78,566010.7797889676,development
780,scenario_78,564815.7954866878,development
789,scenario_78,579393.5689224654,development
791,scenario_78,568224.0373393911,development
809,scenario_78,568505.7857402887,development
810,scenario_78,569875.0233222534,development
811,scenario_78,562481.435283326,development
813,scenario_78,570835.3647606915,development
822,scenario_78,564567.9391000536,development
831,scenario_78,565081.2109158535,development
837,scenario_78,563983.089477078,development
858,scenario_78,569798.7971064529,development
863,scenario_78,568531.9330827929,development
866,scenario_78,564660.3612499288,development
873,scenario_78,577558.128260476,development
878,scenario_78,567448.8413963492,development
887,scenario_78,566841.2022043064,development
895,scenario_78,576352.2365160093,development
9,scenario_78,531378.3797529291,development
90,scenario_78,563688.5562872266,development
935,scenario_78,565220.0336255665,development
938,scenario_78,567308.9611355625,development
94,scenario_78,562040.5508229462,development
940,scenario_78,565217.6554977322,development
945,scenario_78,577508.0512608348,development
952,scenario_78,579111.0655607453,development
958,scenario_78,564086.2367227658,development
964,scenario_78,562596.3431785798,development
970,scenario_78,565670.8940680125,development
971,scenario_78,563660.6911217481,development
987,scenario_78,562128.5045064721,development
status_quo,scenario_78,562067.9056858013,status_quo
0,scenario_89,346338.72707066033,development
103,scenario_89,356324.4998602236,development
104,scenario_89,347500.968950561,development
109,scenario_89,361364.3078518157,development
114,scenario_89,348822.0361397191,development
12,scenario_89,350133.82044645457,development
126,scenario_89,356230.71197071875,development
140,scenario_89,347440.793444162,development
143,scenario_89,347131.84487156005,development
144,scenario_89,352547.4436173761,development
15,scenario_89,346427.94307864935,development
150,scenario_89,352981.02695357695,development
152,scenario_89,327429.1405295045,development
17,scenario_89,358060.8712212761,development
176,scenario_89,348727.29947058024,development
177,scenario_89,347090.8189290432,development
195,scenario_89,353235.1762654239,development
197,scenario_89,348337.7996485716,development
2,scenario_89,355467.3092837242,development
201,scenario_89,356432.79671491083,development
202,scenario_89,350756.7973608046,development
206,scenario_89,348218.5098661952,development
209,scenario_89,350620.20620026963,development
227,scenario_89,347736.10067069234,development
233,scenario_89,348097.93784622825,development
240,scenario_89,347827.8002298864,development
243,scenario_89,357769.90606621053,development
245,scenario_89,353264.46618060535,development
249,scenario_89,356503.4535343095,development
25,scenario_89,353793.9230868459,development
250,scenario_89,349595.3945633672,development
254,scenario_89,324108.2874278752,development
255,scenario_89,348677.8418241269,development
261,scenario_89,350038.706493996,development
267,scenario_89,347638.24250786577,development
27,scenario_89,353571.0537697849,development
270,scenario_89,348888.535169626,development
273,scenario_89,348089.4209514562,development
277,scenario_89,352527.681013791,development
28,scenario_89,359708.2231584706,development
284,scenario_89,348696.28292824293,development
285,scenario_89,356776.5903184544,development
289,scenario_89,356338.2933529161,development
308,scenario_89,351506.8763843825,development
331,scenario_89,356632.024567169,development
334,scenario_89,345958.64102311636,development
348,scenario_89,359274.10040909884,development
351,scenario_89,356084.81259097776,development
356,scenario_89,351954.5898454746,development
358,scenario_89,355545.16788122826,development
390,scenario_89,350919.2438143042,development
392,scenario_89,347180.6427988522,development
394,scenario_89,349090.87696458783,development
423,scenario_89,347143.9556222643,development
459,scenario_89,352664.4824634014,development
464,scenario_89,347048.35064890934,development
469,scenario_89,352984.52969662054,development
486,scenario_89,356784.397952152,development
493,scenario_89,347073.62448226154,development
499,scenario_89,352733.637511167,development
517,scenario_89,347846.55455237255,development
521,scenario_89,360290.0153977069,development
531,scenario_89,353986.205102348,development
533,scenario_89,349483.178375879,development
538,scenario_89,348530.8340166989,development
540,scenario_89,348404.21045426413,development
546,scenario_89,347909.47616134625,development
550,scenario_89,349129.38488635153,development
552,scenario_89,349187.4641798385,development
556,scenario_89,348233.1451742552,development
557,scenario_89,323758.1064322369,development
558,scenario_89,357672.6033579272,development
564,scenario_89,356476.24586643354,development
565,scenario_89,350865.89936034736,development
569,scenario_89,348204.80737490614,development
57,scenario_89,347315.79708166583,development
594,scenario_89,351972.4571375935,development
602,scenario_89,350823.01297783636,development
612,scenario_89,361355.3887985457,development
614,scenario_89,348557.6765957091,development
62,scenario_89,347253.818741023,development
625,scenario_89,349371.03564790386,development
627,scenario_89,348909.5914412707,development
628,scenario_89,348772.5966350615,development
629,scenario_89,348282.814876522,development
63,scenario_89,357019.93054772425,development
648,scenario_89,349015.5055611448,development
662,scenario_89,360212.32926899014,development
669,scenario_89,346133.66493258864,development
670,scenario_89,349590.5873991931,development
673,scenario_89,346536.29797832784,development
678,scenario_89,354174.118076936,development
680,scenario_89,350802.1293339826,development
682,scenario_89,357689.51805415686,development
689,scenario_89,356766.89217904606,development
694,scenario_89,349582.6260505638,development
726,scenario_89,348762.040875667,development
73,scenario_89,350259.49560073053,development
736,scenario_89,347111.17559166835,development
750,scenario_89,357044.3485540509,development
755,scenario_89,349786.83362803125,development
759,scenario_89,361363.724237365,development
761,scenario_89,346995.5965911267,development
764,scenario_89,352053.0901592916,development
767,scenario_89,347009.981232379,development
770,scenario_89,347207.99244189303,development
775,scenario_89,356472.19920736225,development
776,scenario_89,349448.04176616686,development
780,scenario_89,348742.61908887967,development
789,scenario_89,357720.06726847787,development
791,scenario_89,350834.7285247308,development
809,scenario_89,351009.19780314446,development
810,scenario_89,351839.35731109435,development
811,scenario_89,347297.9242022512,development
813,scenario_89,352441.6993583321,development
822,scenario_89,348570.2203123199,development
831,scenario_89,348877.8898790684,development
837,scenario_89,348205.36230109126,development
858,scenario_89,351792.64552341605,development
863,scenario_89,351016.45877351804,development
866,scenario_89,348627.2028828939,development
873,scenario_89,356583.0518135751,development
878,scenario_89,350351.79626416246,development
887,scenario_89,349966.1300657748,development
895,scenario_89,355842.61842738604,development
9,scenario_89,328096.97873914195,development
90,scenario_89,348022.68211370206,development
935,scenario_89,348975.94454819866,development
938,scenario_89,350264.91142077686,development
94,scenario_89,347026.19159639115,development
940,scenario_89,348973.5086186646,development
945,scenario_89,356544.27354937745,development
952,scenario_89,357544.9726424625,development
958,scenario_89,348291.5251024273,development
964,scenario_89,347351.5068574959,development
970,scenario_89,349242.3248735966,development
971,scenario_89,348023.9217050782,development
987,scenario_89,347094.0914225251,development
status_quo,scenario_89,347030.8183515454,status_quo
0,scenario_96,367570.6562515912,development
103,scenario_96,378175.07813800056,development
104,scenario_96,368808.09311083076,development
109,scenario_96,383527.8868362358,development
114,scenario_96,370208.1772534646,development
12,scenario_96,371603.88951156184,development
126,scenario_96,378075.9136961917,development
140,scenario_96,368743.47928395006,development
143,scenario_96,368412.36782987503,development
144,scenario_96,374164.13297370484,development
15,scenario_96,367665.5638468103,development
150,scenario_96,374626.6922369351,development
152,scenario_96,347492.67199637066,development
17,scenario_96,380016.5597670659,development
176,scenario_96,370110.2909974548,development
177,scenario_96,368369.43818878266,development
189,scenario_96,94389.20286736176,development
195,scenario_96,374896.88160133857,development
197,scenario_96,369695.2327639362,development
2,scenario_96,377264.43777431105,development
201,scenario_96,378290.3065339652,development
202,scenario_96,372263.90535833256,development
206,scenario_96,369568.7130391824,development
209,scenario_96,372118.3628419028,development
227,scenario_96,369054.8759093486,development
233,scenario_96,369441.39134210226,development
240,scenario_96,369152.3892857127,development
243,scenario_96,379712.50875332404,development
245,scenario_96,374924.6281155009,development
249,scenario_96,378365.2459809682,development
25,scenario_96,375487.9332758213,development
250,scenario_96,371030.0329362727,development
254,scenario_96,343968.8547973705,development
255,scenario_96,370057.62286806345,development
261,scenario_96,371501.5258856141,development
267,scenario_96,368955.247700054,development
27,scenario_96,375250.7020170594,development
270,scenario_96,370281.236850494,development
273,scenario_96,369429.88901124307,development
277,scenario_96,374143.6636224919,development
28,scenario_96,381766.55421432765,development
284,scenario_96,370075.8714158413,development
285,scenario_96,378655.3904825033,development
289,scenario_96,378190.0195772491,development
308,scenario_96,373061.90644904313,development
331,scenario_96,378501.66745841847,development
334,scenario_96,367167.6015557476,development
348,scenario_96,381308.9063878895,development
351,scenario_96,377927.0507534676,development
356,scenario_96,373535.65150570765,development
358,scenario_96,377347.2529885255,development
390,scenario_96,372436.49391280086,development
392,scenario_96,368464.0727636244,development
394,scenario_96,370493.9910884856,development
423,scenario_96,368426.62466263917,development
459,scenario_96,374290.79402583657,development
464,scenario_96,368324.039067045,development
469,scenario_96,374628.7181314044,development
486,scenario_96,378663.94453041564,development
493,scenario_96,368350.59299118584,development
499,scenario_96,374361.11399326567,development
517,scenario_96,369171.9509212383,development
521,scenario_96,382387.0655139298,development
531,scenario_96,375694.79877018323,development
533,scenario_96,370909.1999232322,development
538,scenario_96,369894.8991346264,development
540,scenario_96,369764.4885267451,development
546,scenario_96,369243.07479142357,development
550,scenario_96,370529.6331445145,development
552,scenario_96,370598.1371703285,development
556,scenario_96,369586.04897826165,development
557,scenario_96,343594.9529971741,development
558,scenario_96,379605.5971094089,development
564,scenario_96,378335.8690645256,development
565,scenario_96,372381.88787114236,development
569,scenario_96,369553.5064725576,development
57,scenario_96,368607.6864497434,development
594,scenario_96,373556.4556342108,development
602,scenario_96,372336.20196530974,development
612,scenario_96,383518.4162713968,development
614,scenario_96,369927.71477933007,development
62,scenario_96,368541.91448056453,development
625,scenario_96,370793.00546479865,development
627,scenario_96,370301.3302011371,development
628,scenario_96,370159.7618145037,development
629,scenario_96,369635.63221034786,development
63,scenario_96,378914.09450528305,development
648,scenario_96,370416.46437801723,development
662,scenario_96,382303.93998162023,development
669,scenario_96,367354.3057735954,development
670,scenario_96,371024.88479958003,development
673,scenario_96,367780.58922669,development
678,scenario_96,375887.56962600234,development
680,scenario_96,372313.76536042726,development
682,scenario_96,379623.52380521345,development
689,scenario_96,378644.36300651886,development
694,scenario_96,371016.67651400086,development
726,scenario_96,370150.502094271,development
73,scenario_96,371737.740708103,development
736,scenario_96,368386.5007848012,development
750,scenario_96,378938.99049752706,development
755,scenario_96,371233.3412235947,development
759,scenario_96,383527.04391952907,development
761,scenario_96,368268.28552612127,development
764,scenario_96,373641.88721664256,development
767,scenario_96,368282.68205713504,development
770,scenario_96,368493.86774372734,development
775,scenario_96,378331.9375234653,development
776,scenario_96,370878.5010915482,development
780,scenario_96,370119.6432570613,development
789,scenario_96,379656.55828155886,development
791,scenario_96,372342.17589481326,development
809,scenario_96,372527.00387583463,development
810,scenario_96,373415.3736419717,development
811,scenario_96,368589.07969278883,development
813,scenario_96,374050.98816714267,development
822,scenario_96,369941.8535650219,development
831,scenario_96,370271.56865177216,development
837,scenario_96,369554.73600556795,development
858,scenario_96,373366.0798448717,development
863,scenario_96,372539.36465562717,development
866,scenario_96,370002.20082316233,development
873,scenario_96,378449.89448725735,development
878,scenario_96,371830.3317311995,development
887,scenario_96,371427.189889895,development
895,scenario_96,377662.71481918165,development
9,scenario_96,348201.90766457864,development
90,scenario_96,369361.28400530585,development
935,scenario_96,370371.417167222,development
938,scenario_96,371740.0108320478,development
94,scenario_96,368300.43260052486,development
940,scenario_96,370369.32102764316,development
945,scenario_96,378413.83519855695,development
952,scenario_96,379471.01112196955,development
958,scenario_96,369641.05619106896,development
964,scenario_96,368648.9632493334,development
970,scenario_96,370659.49806279637,development
971,scenario_96,369360.3703551531,development
987,scenario_96,368370.9444681476,development
status_quo,scenario_96,368308.10862877563,status_quo
0,scenario_100,358137.2858373678,development
103,scenario_100,368462.6487293828,development
104,scenario_100,359341.711813815,development
109,scenario_100,373670.4524543885,development
114,scenario_100,360703.11186284956,development
12,scenario_100,362061.60231794167,development
126,scenario_100,368365.92656708695,development
140,scenario_100,359279.31335798325,development
143,scenario_100,358957.11767072044,development
144,scenario_100,364554.3475855979,development
15,scenario_100,358229.5685649785,development
150,scenario_100,365005.46444282425,development
152,scenario_100,338596.95917931554,development
17,scenario_100,370259.20222731656,development
176,scenario_100,360608.0796081631,development
177,scenario_100,358915.07561519154,development
189,scenario_100,406354.03754125343,development
195,scenario_100,365267.93490243546,development
197,scenario_100,360207.24933131173,development
2,scenario_100,367576.8229338135,development
201,scenario_100,368574.86197042145,development
202,scenario_100,362707.4177622104,development
206,scenario_100,360084.8102265367,development
209,scenario_100,362565.7327844865,development
227,scenario_100,359581.6887992083,development
233,scenario_100,359959.32505888934,development
240,scenario_100,359676.50004827,development
243,scenario_100,369953.2624439636,development
245,scenario_100,365296.6274498784,development
249,scenario_100,368648.0474570701,development
25,scenario_100,365842.6771600727,development
250,scenario_100,361502.17659037013,development
254,scenario_100,335162.031708808,development
255,scenario_100,360557.4368607157,development
261,scenario_100,361964.5967851429,development
267,scenario_100,359482.00571277254,development
27,scenario_100,365612.845520536,development
270,scenario_100,360774.9206179939,development
273,scenario_100,359946.5386771668,development
277,scenario_100,364537.5298509271,development
28,scenario_100,371960.3054626019,development
284,scenario_100,360578.15931551513,development
285,scenario_100,368930.23906098114,development
289,scenario_100,368476.91631523735,development
308,scenario_100,363481.06075925526,development
331,scenario_100,368781.05977489933,development
334,scenario_100,357743.9696609242,development
348,scenario_100,371509.2155159766,development
351,scenario_100,368209.6638322005,development
356,scenario_100,363945.4720814364,development
358,scenario_100,367657.33966363297,development
390,scenario_100,362874.5033425282,development
392,scenario_100,359007.7788811149,development
394,scenario_100,360980.79499228887,development
423,scenario_100,358968.87202128227,development
459,scenario_100,364677.605828048,development
464,scenario_100,358870.7709549281,development
469,scenario_100,365009.66583201766,development
486,scenario_100,368938.10209332407,development
493,scenario_100,358896.9210789241,development
499,scenario_100,364747.63628807286,development
517,scenario_100,359695.5088525787,development
521,scenario_100,372560.22805308586,development
531,scenario_100,366044.0238530771,development
533,scenario_100,361393.7356893265,development
538,scenario_100,360407.0472110229,development
540,scenario_100,360277.18950668327,development
546,scenario_100,359762.31586034194,development
550,scenario_100,361026.1009433678,development
552,scenario_100,361084.1124498075,development
556,scenario_100,360097.8261845169,development
557,scenario_100,334802.5358584456,development
558,scenario_100,369856.78856923146,development
564,scenario_100,368619.6564898333,development
565,scenario_100,362817.81511499995,development
569,scenario_100,360070.4008295931,development
57,scenario_100,359147.63626108464,development
594,scenario_100,363961.8417083105,development
602,scenario_100,362773.31890499935,development
612,scenario_100,373661.21074451477,development
614,scenario_100,360434.0673108233,development
62,scenario_100,359083.5414114404,development
625,scenario_100,361275.68194574857,development
627,scenario_100,360793.81039417646,development
628,scenario_100,360654.71891993645,development
629,scenario_100,360146.5880169281,development
63,scenario_100,369181.6445013723,development
648,scenario_100,360905.20389534277,development
662,scenario_100,372480.35416137404,development
669,scenario_100,357924.28681880265,development
670,scenario_100,361497.32937590015,development
673,scenario_100,358341.6538234813,development
678,scenario_100,366239.08625851246,development
680,scenario_100,362752.21806704625,development
682,scenario_100,369874.30611385626,development
689,scenario_100,368920.0962589253,development
694,scenario_100,361493.6419589836,development
726,scenario_100,360642.11844754993,development
73,scenario_100,362191.132561241,development
736,scenario_100,358933.5522226295,development
750,scenario_100,369207.1933837528,development
755,scenario_100,361699.9408503212,development
759,scenario_100,373669.91145071253,development
761,scenario_100,358816.559088555,development
764,scenario_100,364045.62877718144,development
767,scenario_100,358831.5449159173,development
770,scenario_100,359036.0828064082,development
775,scenario_100,368616.0536695221,development
776,scenario_100,361351.6171129872,development
780,scenario_100,360625.93043563544,development
789,scenario_100,369904.929702344,development
791,scenario_100,362791.63163334894,development
809,scenario_100,362972.0617200521,development
810,scenario_100,363824.16509717144,development
811,scenario_100,359128.75742565247,development
813,scenario_100,364449.42931221396,development
822,scenario_100,360447.3777195139,development
831,scenario_100,360763.5061523661,development
837,scenario_100,360071.1015697051,development
858,scenario_100,363775.4583721804,development
863,scenario_100,362974.9800016282,development
866,scenario_100,360506.7456591568,development
873,scenario_100,368730.122228391,development
878,scenario_100,362292.56045869394,development
887,scenario_100,361887.7543632293,development
895,scenario_100,367965.12353022135,development
9,scenario_100,339287.0596439053,development
90,scenario_100,359881.90708304086,development
935,scenario_100,360867.35987472185,development
938,scenario_100,362199.2560705179,development
94,scenario_100,358847.9408101517,development
940,scenario_100,360864.8390349921,development
945,scenario_100,368683.83709223947,development
952,scenario_100,369723.7395941096,development
958,scenario_100,360159.28740741336,development
964,scenario_100,359186.7420808795,development
970,scenario_100,361138.81755933363,development
971,scenario_100,359878.60387831094,development
987,scenario_100,358917.1926056377,development
status_quo,scenario_100,358854.22068416275,status_quo
