development,scenario,year,status_quo_tt,development_tt,tt_savings_daily,monetized_savings_yearly,total_demand_basis,tts_total_person_h,tts_total_person_min,tts_per_trip_min,status_quo_total_per_trip_min,development_total_per_trip_min
100000.0,scenario_19,2050,88590.64524743764,87738.50163173888,852.143615698762,4603279.812004713,135103.84375,852.143615698762,51128.61694192572,0.3784393953774962,39.343356689999865,38.96491729462237
100001.0,scenario_19,2050,88590.64524743764,85891.65099364324,2698.9942537944007,14579966.958997354,135103.84375,2698.9942537944007,161939.65522766404,1.1986309991840187,39.343356689999865,38.14472569081584
100002.0,scenario_19,2050,88590.64524743764,87589.70011244819,1000.9451349894516,5407105.619213018,135103.84375,1000.9451349894516,60056.7080993671,0.4445225719151095,39.343356689999865,38.89883411808476
100003.0,scenario_19,2050,88590.64524743764,88278.89900211696,311.74624532068265,1684053.2172223278,135103.84375,311.74624532068265,18704.77471924096,0.13844739128113043,39.343356689999865,39.20490929871873
100004.0,scenario_19,2050,88590.64524743764,88246.21579012282,344.4294573148218,1860607.9284146673,135103.84375,344.4294573148218,20665.767438889307,0.15296209837767333,39.343356689999865,39.19039459162219
100005.0,scenario_19,2050,88590.64524743764,87566.35064698274,1024.2946004549012,5533239.431657377,135103.84375,1024.2946004549012,61457.676027294074,0.4548921357190778,39.343356689999865,38.88846455428079
101000.0,scenario_19,2050,88590.64524743764,87484.16419480057,1106.4810526370711,5977210.646345459,135103.84375,1106.4810526370711,66388.86315822427,0.4913913721142687,39.343356689999865,38.85196531788559
101001.0,scenario_19,2050,88590.64524743764,86107.81137121328,2482.8338762243657,13412268.599364026,135103.84375,2482.8338762243657,148970.03257346194,1.1026335627365298,39.343356689999865,38.24072312726333
101002.0,scenario_19,2050,88590.64524743764,87515.31566333977,1075.329584097868,5808930.413296683,135103.84375,1075.329584097868,64519.775045872084,0.4775569166282294,39.343356689999865,38.865799773371634
101003.0,scenario_19,2050,88590.64524743764,87559.96062145439,1030.6846259832528,5567758.349561531,135103.84375,1030.6846259832528,61841.077558995166,0.4577299641705802,39.343356689999865,38.88562672582928
101004.0,scenario_19,2050,88590.64524743764,88344.35939716706,246.28585027057852,1330436.1631616652,135103.84375,246.28585027057852,14777.151016234711,0.10937624427309983,39.343356689999865,39.23398044572676
101005.0,scenario_19,2050,88590.64524743764,88564.24371977853,26.40152765910898,142621.0524145067,135103.84375,26.40152765910898,1584.0916595465387,0.01172499327611868,39.343356689999865,39.33163169672375
101006.0,scenario_19,2050,88590.64524743764,87885.93356107283,704.7116863648116,3806852.5297427126,135103.84375,704.7116863648116,42282.7011818887,0.3129644576221666,39.343356689999865,39.03039223237769
101007.0,scenario_19,2050,88590.64524743764,86500.91223791648,2089.7330095211655,11288737.717433337,135103.84375,2089.7330095211655,125383.98057126993,0.9280563534763971,39.343356689999865,38.415300336523465
101008.0,scenario_19,2050,88590.64524743764,87446.57192401297,1144.0733234246727,6180284.093140082,135103.84375,1144.0733234246727,68644.39940548036,0.5080862061371245,39.343356689999865,38.835270483862736
101009.0,scenario_19,2050,88590.64524743764,88556.00384948461,34.64139795303345,187132.83174228668,135103.84375,34.64139795303345,2078.483877182007,0.015384343031928038,39.343356689999865,39.32797234696794
101010.0,scenario_19,2050,88590.64524743764,87331.29594686636,1259.3493005712808,6803004.921686059,135103.84375,1259.3493005712808,75560.95803427685,0.5592805943707789,39.343356689999865,38.78407609562908
101011.0,scenario_19,2050,88590.64524743764,86860.55651246912,1730.0887349685217,9345939.346299956,135103.84375,1730.0887349685217,103805.3240981113,0.7683373116326404,39.343356689999865,38.575019378367216
101012.0,scenario_19,2050,88590.64524743764,86520.58408573276,2070.0611617048853,11182470.39552979,135103.84375,2070.0611617048853,124203.66970229312,0.919320030095688,39.343356689999865,38.424036659904175
101013.0,scenario_19,2050,88590.64524743764,87696.48664024478,894.1586071928614,4830244.796055838,135103.84375,894.1586071928614,53649.51643157168,0.397098372203579,39.343356689999865,38.946258317796286
101014.0,scenario_19,2050,88590.64524743764,87669.2377118925,921.407535545135,4977443.507014819,135103.84375,921.407535545135,55284.4521327081,0.40919969852973265,39.343356689999865,38.93415699147013
101015.0,scenario_19,2050,88590.64524743764,88000.29222299466,590.3530244429858,3189087.038041009,135103.84375,590.3530244429858,35421.181466579146,0.2621774516802313,39.343356689999865,39.081179238319635
101016.0,scenario_19,2050,88590.64524743764,87065.18683829905,1525.4584091385914,8240526.326166671,135103.84375,1525.4584091385914,91527.50454831548,0.6774604038481732,39.343356689999865,38.66589628615169
101017.0,scenario_19,2050,88590.64524743764,88061.29356833108,529.3516791065631,2859557.770533654,135103.84375,529.3516791065631,31761.100746393786,0.23508658129050297,39.343356689999865,39.10827010870936
101018.0,scenario_19,2050,88590.64524743764,88539.94258668629,50.702660751354415,273895.77337881655,135103.84375,50.702660751354415,3042.159645081265,0.022517195370921967,39.343356689999865,39.32083949462894
101019.0,scenario_19,2050,88590.64524743764,88559.87560785029,30.769639587349957,166217.59305086447,135103.84375,30.769639587349957,1846.1783752409974,0.013664884166117571,39.343356689999865,39.32969180583375
101020.0,scenario_19,2050,88590.64524743764,88053.48340811142,537.1618393262179,2901748.256040229,135103.84375,537.1618393262179,32229.710359573073,0.2385550955841926,39.343356689999865,39.10480159441567
101021.0,scenario_19,2050,88590.64524743764,88120.65008067485,469.9951667627902,2538913.890852593,135103.84375,469.9951667627902,28199.71000576741,0.2087261858955616,39.343356689999865,39.1346305041043
101022.0,scenario_19,2050,88590.64524743764,88203.66651205426,386.9787353833817,2090459.128541028,135103.84375,386.9787353833817,23218.724123002903,0.17185835338606273,39.343356689999865,39.1714983366138
101023.0,scenario_19,2050,88590.64524743764,86378.21799800996,2212.427249427681,11951532.001408333,135103.84375,2212.427249427681,132745.63496566087,0.9825452132309216,39.343356689999865,38.360811476768944
101024.0,scenario_19,2050,88590.64524743764,87481.05434784698,1109.5908995906648,5994010.039588771,135103.84375,1109.5908995906648,66575.45397543989,0.4927724639621135,39.343356689999865,38.85058422603775
101025.0,scenario_19,2050,88590.64524743764,88239.1053799888,351.5398674488388,1899018.3639586272,135103.84375,351.5398674488388,21092.392046930327,0.15611985167468875,39.343356689999865,39.18723683832517
101026.0,scenario_19,2050,88590.64524743764,87311.97783526788,1278.6674121697579,6907361.360541033,135103.84375,1278.6674121697579,76720.04473018547,0.5678598224943949,39.343356689999865,38.77549686750547
101027.0,scenario_19,2050,88590.64524743764,86814.07768410248,1776.5675633351639,9597017.977136554,135103.84375,1776.5675633351639,106594.05380010983,0.7889786910678463,39.343356689999865,38.55437799893201
101028.0,scenario_19,2050,88590.64524743764,87821.87616277354,768.7690846641053,4152890.595355497,135103.84375,768.7690846641053,46126.14507984632,0.3414125297959653,39.343356689999865,39.0019441602039
101029.0,scenario_19,2050,88590.64524743764,87547.4273552518,1043.217892185843,5635463.053587925,135103.84375,1043.217892185843,62593.073531150585,0.4632960232202911,39.343356689999865,38.88006066677957
101030.0,scenario_19,2050,88590.64524743764,87556.97954120049,1033.6657062371523,5583862.145093097,135103.84375,1033.6657062371523,62019.94237422914,0.4590538703620647,39.343356689999865,38.884302819637796
101031.0,scenario_19,2050,88590.64524743764,87014.51789601445,1576.127351423187,8514239.952388057,135103.84375,1576.127351423187,94567.64108539122,0.6999626247524229,39.343356689999865,38.643394065247435
101032.0,scenario_19,2050,88590.64524743764,88465.55253472533,125.0927127123141,675750.8340719208,135103.84375,125.0927127123141,7505.562762738846,0.05555402832673919,39.343356689999865,39.287802661673126
100000.0,scenario_26,2050,23307.38168086708,23088.056932698677,219.32474816840477,1184792.2896057228,88665.265625,219.32474816840477,13159.484890104286,0.14841758830070934,15.772161635048674,15.623744046747962
100001.0,scenario_26,2050,23307.38168086708,22612.529291038714,694.8523898283674,3753592.609852841,88665.265625,694.8523898283674,41691.14338970205,0.4702082951629577,15.772161635048674,15.301953339885717
100002.0,scenario_26,2050,23307.38168086708,23048.331540654126,259.05014021295574,1399388.857430387,88665.265625,259.05014021295574,15543.008412777344,0.1752998573140782,15.772161635048674,15.596861777734595
100003.0,scenario_26,2050,23307.38168086708,23226.91939181984,80.46228904724194,434657.28543320094,88665.265625,80.46228904724194,4827.737342834516,0.054449025881825035,15.772161635048674,15.717712609166847
100004.0,scenario_26,2050,23307.38168086708,23218.820947119602,88.56073374747939,478405.0837038837,88665.265625,88.56073374747939,5313.644024848763,0.059929263025300536,15.772161635048674,15.712232372023372
100005.0,scenario_26,2050,23307.38168086708,23042.419043879727,264.9626369873549,1431328.1650056913,88665.265625,264.9626369873549,15897.758219241296,0.17930085820166736,15.772161635048674,15.592860776847006
101000.0,scenario_26,2050,23307.38168086708,23020.171733717136,287.20994714994595,1551508.1345040079,88665.265625,287.20994714994595,17232.596828996757,0.19435566687275413,15.772161635048674,15.577805968175918
101001.0,scenario_26,2050,23307.38168086708,22660.39993288716,646.9817479799203,3494995.4025875297,88665.265625,646.9817479799203,38818.90487879522,0.43781411587910324,15.772161635048674,15.334347519169569
101002.0,scenario_26,2050,23307.38168086708,23029.37830652496,278.0033743421227,1501774.228196147,88665.265625,278.0033743421227,16680.202460527362,0.18812555675493542,15.772161635048674,15.584036078293739
101003.0,scenario_26,2050,23307.38168086708,23040.74288425645,266.6387966106304,1440382.7792906254,88665.265625,266.6387966106304,15998.327796637823,0.18043511947847754,15.772161635048674,15.591726515570194
101004.0,scenario_26,2050,23307.38168086708,23232.960972465084,74.42070840199813,402020.6667875939,88665.265625,74.42070840199813,4465.242504119888,0.050360673626187964,15.772161635048674,15.721800961422485
101005.0,scenario_26,2050,23307.38168086708,23300.5933158209,6.788365046180843,36670.74797946891,88665.265625,6.788365046180843,407.3019027708506,0.004593703068499103,15.772161635048674,15.767567931980174
101006.0,scenario_26,2050,23307.38168086708,23102.492373545974,204.88930732110748,1106812.0381486227,88665.265625,204.88930732110748,12293.358439266449,0.1386490905160072,15.772161635048674,15.633512544532664
101007.0,scenario_26,2050,23307.38168086708,22766.82721288305,540.5544679840314,2920075.236049738,88665.265625,540.5544679840314,32433.26807904188,0.3657945177338646,15.772161635048674,15.406367117314808
101008.0,scenario_26,2050,23307.38168086708,23009.844623518,297.53705734908,1607295.1837997301,88665.265625,297.53705734908,17852.2234409448,0.2013440473572686,15.772161635048674,15.570817587691405
101009.0,scenario_26,2050,23307.38168086708,23298.471077784903,8.910603082178568,48135.077849928624,88665.265625,8.910603082178568,534.6361849307141,0.00602982668762195,15.772161635048674,15.76613180836105
101010.0,scenario_26,2050,23307.38168086708,22981.497827918338,325.8838529487439,1760424.5736291145,88665.265625,325.8838529487439,19553.031176924633,0.22052639259687137,15.772161635048674,15.551635242451802
101011.0,scenario_26,2050,23307.38168086708,22785.679708824562,521.7019720425196,2818234.052973691,88665.265625,521.7019720425196,31302.118322551178,0.3530369880685865,15.772161635048674,15.419124646980087
101012.0,scenario_26,2050,23307.38168086708,22769.646620561696,537.7350603053856,2904844.795769693,88665.265625,537.7350603053856,32264.103618323134,0.36388661772898323,15.772161635048674,15.408275017319689
101013.0,scenario_26,2050,23307.38168086708,23075.580983011918,231.8006978551639,1252187.3698135952,88665.265625,231.8006978551639,13908.041871309833,0.1568600936710929,15.772161635048674,15.61530154137758
101014.0,scenario_26,2050,23307.38168086708,23068.81140551071,238.57027535637098,1288756.6274751162,88665.265625,238.57027535637098,14314.216521382259,0.16144108316240394,15.772161635048674,15.610720551886269
101015.0,scenario_26,2050,23307.38168086708,23138.722036780928,168.659644086154,911099.397353404,88665.265625,168.659644086154,10119.57864516924,0.11413238965491725,15.772161635048674,15.658029245393756
101016.0,scenario_26,2050,23307.38168086708,22912.68101887405,394.70066199303255,2132172.976086362,88665.265625,394.70066199303255,23682.039719581953,0.26709489395478203,15.772161635048674,15.505066741093891
101017.0,scenario_26,2050,23307.38168086708,23168.7980752061,138.58360566098054,748628.637780617,88665.265625,138.58360566098054,8315.016339658832,0.09377986160698239,15.772161635048674,15.678381773441691
101018.0,scenario_26,2050,23307.38168086708,23294.293664492183,13.08801637489887,70701.4644572037,88665.265625,13.08801637489887,785.2809824939322,0.008856692380702854,15.772161635048674,15.76330494266797
101019.0,scenario_26,2050,23307.38168086708,23298.853761193168,8.527919673913857,46067.822078482655,88665.265625,8.527919673913857,511.6751804348314,0.005770863898371493,15.772161635048674,15.766390771150302
101020.0,scenario_26,2050,23307.38168086708,23167.86589478355,139.51578608353157,753664.2764232375,88665.265625,139.51578608353157,8370.947165011894,0.09441067035670873,15.772161635048674,15.677750964691965
101021.0,scenario_26,2050,23307.38168086708,23186.08635412157,121.29532674551228,655237.3550792574,88665.265625,121.29532674551228,7277.719604730737,0.08208084139183716,15.772161635048674,15.690080793656836
101022.0,scenario_26,2050,23307.38168086708,23207.881475731716,99.50020513536583,537500.1081412463,88665.265625,99.50020513536583,5970.01230812195,0.06733202980941219,15.772161635048674,15.70482960523926
101023.0,scenario_26,2050,23307.38168086708,22731.821414054455,575.5602668126267,3109176.5613218094,88665.265625,575.5602668126267,34533.6160087576,0.38948302658691325,15.772161635048674,15.382678608461761
101024.0,scenario_26,2050,23307.38168086708,23017.88638372521,289.49529714187156,1563853.5951603903,88665.265625,289.49529714187156,17369.717828512294,0.19590216874751842,15.772161635048674,15.576259466301154
101025.0,scenario_26,2050,23307.38168086708,23216.6064860195,90.77519484758159,490367.6025666357,88665.265625,90.77519484758159,5446.511690854895,0.06142779421527161,15.772161635048674,15.7107338408334
101026.0,scenario_26,2050,23307.38168086708,22976.44556342164,330.9361174454425,1787716.9064402804,88665.265625,330.9361174454425,19856.16704672655,0.22394527221861632,15.772161635048674,15.548216362830056
101027.0,scenario_26,2050,23307.38168086708,22773.17659954429,534.2050813227906,2885775.849305715,88665.265625,534.2050813227906,32052.30487936744,0.3614978724016814,15.772161635048674,15.41066376264699
101028.0,scenario_26,2050,23307.38168086708,23108.51342294417,198.86825792291347,1074286.3292995784,88665.265625,198.86825792291347,11932.095475374808,0.13457463180497642,15.772161635048674,15.637587003243697
101029.0,scenario_26,2050,23307.38168086708,23035.22616167863,272.15551918845085,1470184.1146560116,88665.265625,272.15551918845085,16329.331151307051,0.1841682990086576,15.772161635048674,15.587993336040016
101030.0,scenario_26,2050,23307.38168086708,23037.93939154248,269.442289324601,1455527.2469314947,88665.265625,269.442289324601,16166.53735947606,0.18233224978821644,15.772161635048674,15.589829385260458
101031.0,scenario_26,2050,23307.38168086708,22899.693587166075,407.68809370100644,2202331.0821728366,88665.265625,407.68809370100644,24461.285622060386,0.27588352044775577,15.772161635048674,15.496278114600917
101032.0,scenario_26,2050,23307.38168086708,23271.21081829668,36.17086257040137,195394.9996053082,88665.265625,36.17086257040137,2170.251754224082,0.024476910308969507,15.772161635048674,15.747684724739702
100000.0,scenario_44,2050,64943.973330624955,64321.88207076797,622.0912598569848,3360536.9857474323,173572.0625,622.0912598569848,37325.47559141909,0.2150431069021784,22.449686566566537,22.23464345966436
100001.0,scenario_44,2050,64943.973330624955,62974.01230634054,1969.9610242844137,10641729.453184403,173572.0625,1969.9610242844137,118197.66145706482,0.6809716941461408,22.449686566566537,21.768714872420396
100002.0,scenario_44,2050,64943.973330624955,64213.65305710039,730.320273524565,3945190.1175797004,173572.0625,730.320273524565,43819.2164114739,0.25245546881413533,22.449686566566537,22.1972310977524
100003.0,scenario_44,2050,64943.973330624955,64716.47888552347,227.4944451014817,1228924.9924382041,173572.0625,227.4944451014817,13649.666706088901,0.07863976788366446,22.449686566566537,22.371046798682872
100004.0,scenario_44,2050,64943.973330624955,64692.56621187534,251.40711874961562,1358101.2554854236,173572.0625,251.40711874961562,15084.427124976937,0.08690584710299756,22.449686566566537,22.36278071946354
100005.0,scenario_44,2050,64943.973330624955,64196.610718091346,747.3626125336086,4037252.8329065535,173572.0625,747.3626125336086,44841.75675201652,0.2583466262147834,22.449686566566537,22.191339940351753
101000.0,scenario_44,2050,64943.973330624955,64136.03558370277,807.9377469221872,4364479.708873656,173572.0625,807.9377469221872,48476.26481533123,0.2792861023664522,22.449686566566537,22.170400464200085
101001.0,scenario_44,2050,64943.973330624955,63130.04440483654,1813.9289257884157,9798844.057109023,173572.0625,1813.9289257884157,108835.73554730494,0.6270348694353098,22.449686566566537,21.822651697131228
101002.0,scenario_44,2050,64943.973330624955,64158.826185385435,785.1471452395199,4241364.878583887,173572.0625,785.1471452395199,47108.82871437119,0.2714078984592995,22.449686566566537,22.178278668107236
101003.0,scenario_44,2050,64943.973330624955,64191.93071326419,752.042617360763,4062534.2189828414,173572.0625,752.042617360763,45122.55704164578,0.25996439975267205,22.449686566566537,22.189722166813866
101004.0,scenario_44,2050,64943.973330624955,64757.33331260687,186.64001801808627,1008229.3773337019,173572.0625,186.64001801808627,11198.401081085176,0.06451730145849466,22.449686566566537,22.38516926510804
101005.0,scenario_44,2050,64943.973330624955,64924.70226008104,19.27107054391672,104102.32307823813,173572.0625,19.27107054391672,1156.2642326350033,0.006661580302619284,22.449686566566537,22.443024986263918
101006.0,scenario_44,2050,64943.973330624955,64414.916941076575,529.0563895483792,2857962.616340345,173572.0625,529.0563895483792,31743.383372902754,0.18288302227729047,22.449686566566537,22.266803544289246
101007.0,scenario_44,2050,64943.973330624955,63419.2239372731,1524.7493933518563,8236696.222886729,173572.0625,1524.7493933518563,91484.96360111138,0.527071939363003,22.449686566566537,21.922614627203533
101008.0,scenario_44,2050,64943.973330624955,64108.21369438176,835.7596362431941,4514773.554985736,173572.0625,835.7596362431941,50145.57817459165,0.28890351046322127,22.449686566566537,22.160783056103316
101009.0,scenario_44,2050,64943.973330624955,64918.687927540195,25.28540308475931,136591.7474638698,173572.0625,25.28540308475931,1517.1241850855586,0.008740601242124196,22.449686566566537,22.440945965324413
101010.0,scenario_44,2050,64943.973330624955,64025.096675610606,918.8766550143482,4963771.69038751,173572.0625,918.8766550143482,55132.59930086089,0.3176352144854008,22.449686566566537,22.132051352081135
101011.0,scenario_44,2050,64943.973330624955,63633.54753350621,1310.4257971187471,7078920.156035473,173572.0625,1310.4257971187471,78625.54782712483,0.45298504087963365,22.449686566566537,21.996701525686902
101012.0,scenario_44,2050,64943.973330624955,63432.24591148898,1511.7274191359757,8166351.518172541,173572.0625,1511.7274191359757,90703.64514815854,0.5225705326175896,22.449686566566537,21.927116033948945
101013.0,scenario_44,2050,64943.973330624955,64291.61689710424,652.356433520712,3524029.4538788865,173572.0625,652.356433520712,39141.38601124272,0.22550510403275711,22.449686566566537,22.22418146253378
101014.0,scenario_44,2050,64943.973330624955,64271.36186367675,672.6114669482049,3633447.144454203,173572.0625,672.6114669482049,40356.688016892294,0.2325068184108966,22.449686566566537,22.21717974815564
101015.0,scenario_44,2050,64943.973330624955,64502.614350225595,441.35898039936,2384221.2121173427,173572.0625,441.35898039936,26481.5388239616,0.15256797921590406,22.449686566566537,22.297118587350635
101016.0,scenario_44,2050,64943.973330624955,63830.05370632013,1113.9196243048282,6017393.810494682,173572.0625,1113.9196243048282,66835.17745828969,0.3850572292317474,22.449686566566537,22.06462933733479
101017.0,scenario_44,2050,64943.973330624955,64556.7594835838,387.2138470411519,2091729.2017163027,173572.0625,387.2138470411519,23232.830822469114,0.13385121135187936,22.449686566566537,22.315835355214656
101018.0,scenario_44,2050,64943.973330624955,64906.97280519809,37.000525426861714,199876.83835590698,173572.0625,37.000525426861714,2220.031525611703,0.012790258372436537,22.449686566566537,22.4368963081941
101019.0,scenario_44,2050,64943.973330624955,64921.13218644463,22.8411441803255,123387.86086211835,173572.0625,22.8411441803255,1370.46865081953,0.00789567532401437,22.449686566566537,22.441790891242523
101020.0,scenario_44,2050,64943.973330624955,64551.79398039982,392.1793502251312,2118552.849916159,173572.0625,392.1793502251312,23530.761013507872,0.13556767531933817,22.449686566566537,22.314118891247197
101021.0,scenario_44,2050,64943.973330624955,64600.992562818545,342.98076780640986,1852782.107690226,173572.0625,342.98076780640986,20578.84606838459,0.1185608200535417,22.449686566566537,22.331125746512996
101022.0,scenario_44,2050,64943.973330624955,64661.50714255968,282.4661880652711,1525882.3479285948,173572.0625,282.4661880652711,16947.971283916268,0.09764227629614224,22.449686566566537,22.352044290270396
101023.0,scenario_44,2050,64943.973330624955,63327.7516472479,1616.221683377058,8730829.53360287,173572.0625,1616.221683377058,96973.30100262348,0.5586918747515804,22.449686566566537,21.890994691814956
101024.0,scenario_44,2050,64943.973330624955,64132.93096413215,811.0423664928021,4381250.863794117,173572.0625,811.0423664928021,48662.541989568126,0.28035930027372996,22.449686566566537,22.169327266292807
101025.0,scenario_44,2050,64943.973330624955,64687.440097951934,256.5332326730204,1385792.522899656,173572.0625,256.5332326730204,15391.993960381224,0.08867783062946102,22.449686566566537,22.361008735937077
101026.0,scenario_44,2050,64943.973330624955,64010.95827393542,933.0150566895318,5040147.33623685,173572.0625,933.0150566895318,55980.90340137191,0.32252254536280517,22.449686566566537,22.127164021203733
101027.0,scenario_44,2050,64943.973330624955,63599.27566352881,1344.6976670961449,7264056.797653375,173572.0625,1344.6976670961449,80681.86002576869,0.4648320637762122,22.449686566566537,21.984854502790323
101028.0,scenario_44,2050,64943.973330624955,64383.03927508199,560.9340555429662,3030165.768043104,173572.0625,560.9340555429662,33656.043332577974,0.19390242212843425,22.449686566566537,22.255784144438103
101029.0,scenario_44,2050,64943.973330624955,64181.17536098961,762.7979696353432,4120634.631970124,173572.0625,762.7979696353432,45767.87817812059,0.26368228572568003,22.449686566566537,22.186004280840855
101030.0,scenario_44,2050,64943.973330624955,64188.74994500286,755.2233856220919,4079716.729130541,173572.0625,755.2233856220919,45313.40313732551,0.2610639205680091,22.449686566566537,22.188622645998528
101031.0,scenario_44,2050,64943.973330624955,63793.955002649636,1150.0183279753182,6212399.007722669,173572.0625,1150.0183279753182,69001.0996785191,0.3975357478886851,22.449686566566537,22.052150818677852
101032.0,scenario_44,2050,64943.973330624955,64850.1843632559,93.78896736905153,506648.0017276164,173572.0625,93.78896736905153,5627.338042143092,0.032420759199903455,22.449686566566537,22.417265807366633
100000.0,scenario_64,2050,78238.87765408948,77486.28228923288,752.5953648565919,4065520.16095531,182678.453125,752.5953648565919,45155.721891395515,0.24718690748107633,25.69724331984141,25.450056412360336
100001.0,scenario_64,2050,78238.87765408948,75857.17617583086,2381.7014782586193,12865951.385553062,182678.453125,2381.7014782586193,142902.08869551716,0.7822602296601155,25.69724331984141,24.914983090181295
100002.0,scenario_64,2050,78238.87765408948,77359.56216537353,879.3154887159471,4750062.270043546,182678.453125,879.3154887159471,52758.92932295683,0.2888076202772304,25.69724331984141,25.408435699564183
100003.0,scenario_64,2050,78238.87765408948,77964.39621786888,274.48143622059433,1482748.7184636507,182678.453125,274.48143622059433,16468.88617323566,0.09015231895995211,25.69724331984141,25.607091000881457
100004.0,scenario_64,2050,78238.87765408948,77934.62478976046,304.2528643290134,1643573.9731053305,182678.453125,304.2528643290134,18255.171859740803,0.09993062426059342,25.69724331984141,25.59731269558082
100005.0,scenario_64,2050,78238.87765408948,77338.75421317216,900.1234409173194,4862466.82783536,182678.453125,900.1234409173194,54007.40645503916,0.2956419081241285,25.69724331984141,25.40160141171728
101000.0,scenario_64,2050,78238.87765408948,77266.19027186227,972.6873822272028,5254457.238791349,182678.453125,972.6873822272028,58361.242933632166,0.31947524152559886,25.69724331984141,25.37776807831581
101001.0,scenario_64,2050,78238.87765408948,76057.67486897901,2181.202785110465,11782857.445166733,182678.453125,2181.202785110465,130872.1671066279,0.7164072438093013,25.69724331984141,24.98083607603211
101002.0,scenario_64,2050,78238.87765408948,77291.34476396833,947.5328901211469,5118572.672434436,182678.453125,947.5328901211469,56851.973407268815,0.3112133502048386,25.69724331984141,25.38602996963657
101003.0,scenario_64,2050,78238.87765408948,77333.1172535975,905.7604004919704,4892917.683457624,182678.453125,905.7604004919704,54345.62402951822,0.2974933447259462,25.69724331984141,25.399749975115462
101004.0,scenario_64,2050,78238.87765408948,78017.49993618125,221.37771790822444,1195882.4321402286,182678.453125,221.37771790822444,13282.663074493466,0.07271061719251935,25.69724331984141,25.62453270264889
101005.0,scenario_64,2050,78238.87765408948,78215.55563063418,23.32202345530095,125985.57070553573,182678.453125,23.32202345530095,1399.321407318057,0.007660024394669874,25.69724331984141,25.68958329544674
101006.0,scenario_64,2050,78238.87765408948,77608.20899181558,630.6686622738926,3406872.113603568,182678.453125,630.6686622738926,37840.11973643355,0.20714057454023316,25.69724331984141,25.49010274530118
101007.0,scenario_64,2050,78238.87765408948,76402.43081673972,1836.4468373497511,9920485.815363357,182678.453125,1836.4468373497511,110186.81024098507,0.603173545407615,25.69724331984141,25.094069774433795
101008.0,scenario_64,2050,78238.87765408948,77232.86469103092,1006.012963058558,5434482.02644233,182678.453125,1006.012963058558,60360.77778351348,0.33042089393110236,25.69724331984141,25.366822425910307
101009.0,scenario_64,2050,78238.87765408948,78208.2864284177,30.5912256717711,165253.80107890748,182678.453125,30.5912256717711,1835.473540306266,0.0100475644987552,25.69724331984141,25.687195755342653
101010.0,scenario_64,2050,78238.87765408948,77132.4044652064,1106.473188883072,5977168.166346354,182678.453125,1106.473188883072,66388.39133298432,0.36341664929446954,25.69724331984141,25.33382667054694
101011.0,scenario_64,2050,78238.87765408948,76684.1280069609,1554.7496471285704,8398757.593788538,182678.453125,1554.7496471285704,93284.97882771422,0.5106512411941808,25.69724331984141,25.18659207864723
101012.0,scenario_64,2050,78238.87765408948,76419.2347208261,1819.6429332633707,9829711.125488728,182678.453125,1819.6429332633707,109178.57599580224,0.597654370989749,25.69724331984141,25.09958894885166
101013.0,scenario_64,2050,78238.87765408948,77454.39642666573,784.4812274237484,4237767.590543089,182678.453125,784.4812274237484,47068.8736454249,0.2576596902384401,25.69724331984141,25.439583629602968
101014.0,scenario_64,2050,78238.87765408948,77428.34769331219,810.5299607772904,4378482.848118923,182678.453125,810.5299607772904,48631.797646637424,0.26621529148465317,25.69724331984141,25.431028028356756
101015.0,scenario_64,2050,78238.87765408948,77711.57300822927,527.3046458602039,2848499.6969368216,182678.453125,527.3046458602039,31638.278751612233,0.17319108088770244,25.69724331984141,25.524052238953708
101016.0,scenario_64,2050,78238.87765408948,76894.97264574765,1343.905008341826,7259774.855062544,182678.453125,1343.905008341826,80634.30050050956,0.44140017129077913,25.69724331984141,25.255843148550632
101017.0,scenario_64,2050,78238.87765408948,77773.28206058545,465.5955935040256,2515147.3961087465,182678.453125,465.5955935040256,27935.735610241536,0.15292299191479447,25.69724331984141,25.544320327926616
101018.0,scenario_64,2050,78238.87765408948,78194.23844467597,44.63920941350807,241141.0092517706,182678.453125,44.63920941350807,2678.352564810484,0.014661568011952609,25.69724331984141,25.68258175182946
101019.0,scenario_64,2050,78238.87765408948,78211.48485827245,27.392795817024307,147975.8830035653,182678.453125,27.392795817024307,1643.5677490214584,0.008997053133008668,25.69724331984141,25.688246266708404
101020.0,scenario_64,2050,78238.87765408948,77767.03228543195,471.84536865752307,2548908.68148794,182678.453125,471.84536865752307,28310.722119451384,0.1549757053180181,25.69724331984141,25.542267614523396
101021.0,scenario_64,2050,78238.87765408948,77825.02382063674,413.8538334527402,2235638.408311703,182678.453125,413.8538334527402,24831.230007164413,0.1359286198365898,25.69724331984141,25.56131470000482
101022.0,scenario_64,2050,78238.87765408948,77897.033640494,341.84401359547337,1846641.3614427473,182678.453125,341.84401359547337,20510.640815728402,0.11227728538785985,25.69724331984141,25.584966034453547
101023.0,scenario_64,2050,78238.87765408948,76293.80297561482,1945.0746784746589,10507293.413120108,182678.453125,1945.0746784746589,116704.48070847953,0.6388519210233461,25.69724331984141,25.058391398818067
101024.0,scenario_64,2050,78238.87765408948,77263.25654755447,975.6211065350071,5270305.217502109,182678.453125,975.6211065350071,58537.26639210043,0.3204388114237292,25.69724331984141,25.376804508417685
101025.0,scenario_64,2050,78238.87765408948,77929.46889083977,309.4087632497103,1671426.139074935,182678.453125,309.4087632497103,18564.52579498262,0.10162405843386255,25.69724331984141,25.59561926140755
101026.0,scenario_64,2050,78238.87765408948,77115.37138985995,1123.5062642295234,6069180.839367886,182678.453125,1123.5062642295234,67410.3758537714,0.3690110940869694,25.69724331984141,25.32823222575444
101027.0,scenario_64,2050,78238.87765408948,76642.87108013833,1596.0065739511483,8621627.512484103,182678.453125,1596.0065739511483,95760.3944370689,0.5242019121518599,25.69724331984141,25.173041407689553
101028.0,scenario_64,2050,78238.87765408948,77563.26137295563,675.6162811338436,3649679.150685023,182678.453125,675.6162811338436,40536.976868030615,0.2219034383890512,25.69724331984141,25.475339881452363
101029.0,scenario_64,2050,78238.87765408948,77320.48214383925,918.3955102502223,4961172.546371701,182678.453125,918.3955102502223,55103.73061501334,0.30164329548656693,25.69724331984141,25.39560002435484
101030.0,scenario_64,2050,78238.87765408948,77330.79829358059,908.0793605088838,4905444.705468991,182678.453125,908.0793605088838,54484.76163053303,0.29825499777607134,25.69724331984141,25.398988322065343
101031.0,scenario_64,2050,78238.87765408948,76853.69659862913,1385.1810554603435,7482748.061596776,182678.453125,1385.1810554603435,83110.86332762061,0.4549571222324232,25.69724331984141,25.242286197608987
101032.0,scenario_64,2050,78238.87765408948,78126.99748367682,111.88017041265266,604376.6805691497,182678.453125,111.88017041265266,6712.81022475916,0.03674659003251925,25.69724331984141,25.660496729808894
100000.0,scenario_78,2050,104956.49459261891,103943.18413039051,1013.3104622284009,5473903.116957821,229051.734375,1013.3104622284009,60798.62773370405,0.2654362251375293,27.49330710260916,27.227870877471634
100001.0,scenario_78,2050,104956.49459261891,101748.92912440299,3207.565468215922,17327268.65930241,229051.734375,3207.565468215922,192453.92809295532,0.8402203485517935,27.49330710260916,26.653086754057366
100002.0,scenario_78,2050,104956.49459261891,103771.33001782493,1185.1645747939765,6402259.033037062,229051.734375,1185.1645747939765,71109.87448763859,0.31045333353040055,27.49330710260916,27.18285376907876
100003.0,scenario_78,2050,104956.49459261891,104586.68779571862,369.80679690028774,1997696.3168553545,229051.734375,369.80679690028774,22188.407814017264,0.09687072605916505,27.49330710260916,27.396436376549996
100004.0,scenario_78,2050,104956.49459261891,104546.81695453328,409.67763808563177,2213078.600938583,229051.734375,409.67763808563177,24580.658285137906,0.10731487518402645,27.49330710260916,27.385992227425135
100005.0,scenario_78,2050,104956.49459261891,103743.32710096045,1213.1674916584598,6553530.789939,229051.734375,1213.1674916584598,72790.04949950759,0.31778868515501757,27.49330710260916,27.175518417454143
101000.0,scenario_78,2050,104956.49459261891,103646.45883075791,1310.0357618609996,7076813.185573121,229051.734375,1310.0357618609996,78602.14571165998,0.3431632854740744,27.49330710260916,27.150143817135085
101001.0,scenario_78,2050,104956.49459261891,102020.02862139144,2936.4659712274733,15862789.17657081,229051.734375,2936.4659712274733,176187.9582736484,0.7692059558265391,27.49330710260916,26.724101146782623
101002.0,scenario_78,2050,104956.49459261891,103680.60237707294,1275.8922155459732,6892369.748379348,229051.734375,1275.8922155459732,76553.53293275839,0.3342193986945592,27.49330710260916,27.159087703914604
101003.0,scenario_78,2050,104956.49459261891,103735.75809585646,1220.7364967624453,6594418.55551073,229051.734375,1220.7364967624453,73244.18980574672,0.31977138267738436,27.49330710260916,27.173535719931778
101004.0,scenario_78,2050,104956.49459261891,104668.84140823678,287.65318438212853,1553902.5020322583,229051.734375,287.65318438212853,17259.19106292771,0.0753506237794787,27.49330710260916,27.41795647882968
101005.0,scenario_78,2050,104956.49459261891,104925.09141484892,31.403177769985632,169639.96631346238,229051.734375,31.403177769985632,1884.190666199138,0.00822604845730777,27.49330710260916,27.485081054151856
101006.0,scenario_78,2050,104956.49459261891,104129.57538715599,826.9192054629239,4467017.5479107145,229051.734375,826.9192054629239,49615.15232777543,0.21661111828363744,27.49330710260916,27.27669598432552
101007.0,scenario_78,2050,104956.49459261891,102481.38383771575,2475.1107549031585,13370548.297986863,229051.734375,2475.1107549031585,148506.6452941895,0.6483541619949348,27.49330710260916,26.844952940614228
101008.0,scenario_78,2050,104956.49459261891,103602.14140664338,1354.3531859755312,7316215.91063982,229051.734375,1354.3531859755312,81261.19115853187,0.3547722150206132,27.49330710260916,27.13853488758855
101009.0,scenario_78,2050,104956.49459261891,104915.30128809607,41.193304522836115,222526.2310323607,229051.734375,41.193304522836115,2471.598271370167,0.01079056780824765,27.49330710260916,27.482516534800915
101010.0,scenario_78,2050,104956.49459261891,103465.1890905062,1491.3055021127075,8056032.322412846,229051.734375,1491.3055021127075,89478.33012676245,0.3906468133538334,27.49330710260916,27.10266028925533
101011.0,scenario_78,2050,104956.49459261891,102935.29128191076,2021.2033107081515,10918540.284445435,229051.734375,2021.2033107081515,121272.1986424891,0.5294533087618717,27.49330710260916,26.96385379384729
101012.0,scenario_78,2050,104956.49459261891,102506.02484319608,2450.4697494228312,13237437.586382136,229051.734375,2450.4697494228312,147028.18496536987,0.6418994615629392,27.49330710260916,26.851407641046222
101013.0,scenario_78,2050,104956.49459261891,103898.92324899035,1057.5713436285587,5713000.398281475,229051.734375,1057.5713436285587,63454.28061771352,0.27703034334517257,27.49330710260916,27.216276759263987
101014.0,scenario_78,2050,104956.49459261891,103864.6572402874,1091.8373523315095,5898105.377294814,229051.734375,1091.8373523315095,65510.24113989057,0.2860063090927668,27.49330710260916,27.207300793516396
101015.0,scenario_78,2050,104956.49459261891,104262.34043930765,694.1541533112613,3749820.7361874343,229051.734375,694.1541533112613,41649.24919867568,0.18183337189007337,27.49330710260916,27.311473730719086
101016.0,scenario_78,2050,104956.49459261891,103147.00017493962,1809.4944176792924,9774888.844303537,229051.734375,1809.4944176792924,108569.66506075754,0.47399625834314335,27.49330710260916,27.01931084426602
101017.0,scenario_78,2050,104956.49459261891,104330.44686792296,626.047724695949,3381909.8088075165,229051.734375,626.047724695949,37562.86348175694,0.16399292318939437,27.49330710260916,27.329314179419768
101018.0,scenario_78,2050,104956.49459261891,104896.35258684159,60.142005777321174,324887.115209089,229051.734375,60.142005777321174,3608.5203466392704,0.015754171678663022,27.49330710260916,27.477552930930496
101019.0,scenario_78,2050,104956.49459261891,104920.18969467483,36.30489794407913,196119.05869391546,229051.734375,36.30489794407913,2178.293876644748,0.009510051877967789,27.49330710260916,27.48379705073119
101020.0,scenario_78,2050,104956.49459261891,104320.88160997229,635.6129826466204,3433581.3322570436,229051.734375,635.6129826466204,38136.77895879722,0.16649853825756356,27.49330710260916,27.326808564351598
101021.0,scenario_78,2050,104956.49459261891,104398.92495532034,557.5696372985694,3011991.1806868725,229051.734375,557.5696372985694,33454.178237914166,0.146055118635965,27.49330710260916,27.347251983973198
101022.0,scenario_78,2050,104956.49459261891,104496.20244266202,460.2921499568911,2486498.1940671257,229051.734375,460.2921499568911,27617.528997413465,0.12057332406921865,27.49330710260916,27.372733778539942
101023.0,scenario_78,2050,104956.49459261891,102337.91895134444,2618.5756412744668,14145545.61416467,229051.734375,2618.5756412744668,157114.538476468,0.6859347252059768,27.49330710260916,26.807372377403183
101024.0,scenario_78,2050,104956.49459261891,103643.72064944121,1312.7739431777009,7091604.84104594,229051.734375,1312.7739431777009,78766.43659066205,0.3438805508527905,27.49330710260916,27.14942655175637
101025.0,scenario_78,2050,104956.49459261891,104539.61093578339,416.8836568355182,2252005.5142254694,229051.734375,416.8836568355182,25013.01941013109,0.10920248859229399,27.49330710260916,27.384104614016866
101026.0,scenario_78,2050,104956.49459261891,103442.3024665674,1514.1921260515082,8179665.864930247,229051.734375,1514.1921260515082,90851.5275630905,0.3966419543208949,27.49330710260916,27.096665148288267
101027.0,scenario_78,2050,104956.49459261891,102880.26368906094,2076.2309035579674,11215799.34102014,229051.734375,2076.2309035579674,124573.85421347804,0.543867762247666,27.49330710260916,26.949439340361497
101028.0,scenario_78,2050,104956.49459261891,104045.93723327322,910.5573593456938,4918830.855185439,229051.734375,910.5573593456938,54633.44156074163,0.23852009551386585,27.49330710260916,27.254787007095295
101029.0,scenario_78,2050,104956.49459261891,103721.27946860003,1235.2151240188832,6672632.099950008,229051.734375,1235.2151240188832,74112.907441133,0.32356405265107696,27.49330710260916,27.169743049958086
101030.0,scenario_78,2050,104956.49459261891,103734.03320771651,1222.4613849024026,6603736.40124278,229051.734375,1222.4613849024026,73347.68309414416,0.32022321635888795,27.49330710260916,27.173083886250275
101031.0,scenario_78,2050,104956.49459261891,103089.62378592492,1866.870806693987,10084836.09776092,229051.734375,1866.870806693987,112012.24840163923,0.4890259779402259,27.49330710260916,27.004281124668935
101032.0,scenario_78,2050,104956.49459261891,104809.61479300268,146.87979961623205,793444.6775268855,229051.734375,146.87979961623205,8812.787976973923,0.038475098217530895,27.49330710260916,27.454832004391633
