development,scenario,total_mmin,network_mmin,max_vcr,max_delay_min,mean_delta_delay_min,max_delta_delay_min,min_delta_delay_min,links_more_delay,links_less_delay
612,scenario_78,-0.06729370103534556,-0.06859542107212532,6.276796441216082,48.67311004860795,0.05910512766303771,3.029608762358265,-0.2760125418282797,39,1
109,scenario_78,-0.06729103181586239,-0.06858074685033853,6.2766924338908545,48.67118488325117,0.05908678934026119,3.0276835970014844,-0.27241873437850606,39,1
759,scenario_78,-0.06631888851667486,-0.06791132885848719,6.272110945700883,48.587039522007906,0.0573021482340673,2.9435382357582185,-0.282449152512791,39,1
612,scenario_19,-0.062194287831858035,-0.06349600786962604,6.044249826207413,44.46282139792583,0.05393981696271036,2.7650247023092547,-0.25146629524693287,39,1
109,scenario_19,-0.0621938276386807,-0.06348354267414298,6.044149587564161,44.46106767252486,0.05392303373936878,2.763270976908288,-0.24819233958079678,39,1
759,scenario_19,-0.06130184127195924,-0.06289428161522258,6.039742646488807,44.384354455554615,0.05229511947186487,2.68655775993804,-0.2573291753910576,39,1
521,scenario_78,-0.06005521804013045,-0.06087371492933913,6.255613587880587,48.28209809537988,0.0510771996477035,2.638596809130192,-0.30455234598979697,39,1
662,scenario_78,-0.056581092939046326,-0.057907959105583724,6.246857162412897,48.120787558598636,0.04790410017242339,2.477286272348948,-0.29110681739271493,39,1
109,scenario_64,-0.05572175393143785,-0.05701146896722191,5.724974720274415,39.040585788839536,0.04739272575178461,2.4291491897235886,-0.21869017430637827,39,1
612,scenario_64,-0.05571932138840121,-0.05702104142645816,5.725069934255101,39.04213200993678,0.04740750344283935,2.4306954108208316,-0.2215752152505024,39,1
521,scenario_19,-0.05557900253317156,-0.0563974994241721,6.023877094379044,44.10616751490489,0.046616680987294885,2.408370819288315,-0.27746307007729687,39,1
759,scenario_64,-0.05492975241930504,-0.056522192761924814,5.720794288120777,38.97320919398302,0.045961613659401594,2.3617725948670696,-0.226742517860405,39,1
662,scenario_19,-0.052363314513050485,-0.053690180681509894,6.015467827836913,43.95923742994041,0.04372627186970566,2.261440734323834,-0.26521803206136196,39,1
521,scenario_64,-0.04988906671743712,-0.05070756360799156,5.705740368758083,38.728555363886535,0.040967430591727756,2.117118764770588,-0.24448678732287954,39,1
945,scenario_78,-0.04715568273995316,-0.04790637185585208,6.235241540587354,47.905345178633205,0.03902798938379654,2.261843892383517,-1.0749767282620533,39,1
662,scenario_64,-0.04699116145448853,-0.0483180276232604,5.697745255675351,38.59908859933562,0.0384204715702423,1.9876520002196756,-0.23369239374672812,38,1
945,scenario_19,-0.043440633826937296,-0.04419132294208626,6.004114997665758,43.759543087223086,0.0355694376748862,2.061746391606512,-0.9796061110458822,39,1
775,scenario_78,-0.04128965992466558,-0.04269152785458614,6.2055560935817375,47.358737121575196,0.03427667866626768,1.7152358353255082,-0.007162104146769099,38,0
351,scenario_78,-0.04121657280707697,-0.039608138870330996,6.265859233890025,48.46285302259684,0.05433210244736036,2.8193517363471514,-0.18813773322505423,39,4
331,scenario_78,-0.04043588614707336,-0.04201805130949384,6.2031717053029185,47.31564690856597,0.03318447705192291,1.672145622316279,-0.04411503350968449,38,1
126,scenario_78,-0.039328285126749546,-0.0403443479022024,6.200488581265431,47.26659877575783,0.031500191515471364,1.6230974895081403,-0.17021079090316826,38,1
945,scenario_64,-0.03881867546906369,-0.03956936458163266,5.687191324701382,38.42701123632832,0.031312257792746837,1.8155746372123716,-0.8629056866709015,38,1
775,scenario_19,-0.038255840101124955,-0.03965770803169743,5.975775526508827,43.26440238054192,0.03130177604862902,1.5666056849253422,-0.006533281797618695,38,0
351,scenario_19,-0.03767497112435196,-0.0360665371832985,6.033569042922707,44.26793673584427,0.04951892883285583,2.570140040227699,-0.17196145866034707,39,4
750,scenario_78,-0.037668423954194064,-0.039467494137904964,6.194378452920285,47.1569314058117,0.02941364516336209,1.5134301195620097,-0.14273953086133329,38,1
201,scenario_78,-0.037498202358417096,-0.03930452223618829,6.198641046662849,47.233400093914355,0.030545804392184076,1.5898988076646674,-0.21690106184013125,38,1
331,scenario_19,-0.03747008148958813,-0.03905224665264366,5.973479912169657,43.22507556028075,0.030304966642125532,1.5272788646641757,-0.04020583600711447,38,1
63,scenario_78,-0.037160531860202205,-0.03880087284198834,6.1980230817908435,47.22218321266923,0.030015324973769898,1.5786819264195415,-0.2769058172981258,38,1
109,scenario_75,-0.03705706745335413,-0.03834678248623503,4.634328416068733,23.527769303636553,0.02851532711969963,1.4624492681809613,-0.1314717977761215,38,1
612,scenario_75,-0.037046409451687835,-0.03834812948683009,4.6344061015669675,23.528699317243195,0.02852432903634639,1.4633792817876028,-0.13320608941615042,38,1
565,scenario_26,-0.0026928663942315614,-0.00215315631113539,2.66360466370741,6.244388749918781,-0.001087999441400111,8.972922995287291e-06,-0.1259997230182488,0,3
28,scenario_26,-0.002436018541252648,-0.004574562728701799,2.650298836029225,6.170033542103822,-0.0030901374701947965,0.00027670329816986694,-0.21753168282705415,0,6
602,scenario_26,-0.002008812112749147,-0.0016017703790719387,2.6642665918090156,6.24806991059087,-0.0010523389521066486,6.158003337919382e-06,-0.13273831942134517,0,3
680,scenario_26,-0.0017302265080148353,-0.0019382843448331117,2.6647033889952607,6.250927162275388,-0.0009442809447578499,4.450859827898057e-05,-0.12297123219562622,0,3
863,scenario_26,-0.0017063395823751924,-0.001511879348672519,2.66339724647288,6.242888879529173,-0.001436929294588752,0.0,-0.18291571936772355,0,3
255,scenario_78,-0.0015997317391076358,-0.00295948687045218,6.120172862556443,45.81479315017599,0.0023909567794087438,0.17129186392629947,-0.1610741423333737,11,1
12,scenario_26,-0.00143502212263603,-0.0015859841697973315,2.6647859752009824,6.251422974015058,-0.0007393145634243822,4.7720611981993954e-05,-0.0885656132809749,0,3
17,scenario_26,-0.0013609119314832497,-0.0033745525839015025,2.663434820771106,6.244204299891055,-0.0008054211528392037,0.0008244006780873114,-0.07633179978167415,0,3
209,scenario_26,-0.0013079865023995518,-0.0010754298243495868,2.6617103235095545,6.233267896008948,-0.0015995697906753183,0.0,-0.17808375770665008,0,3
270,scenario_78,-0.0007850820135625545,-0.00217883734884602,6.118247108631464,45.78037441691761,0.0016795617153521696,0.13687313066792228,-0.1656907051705483,8,1
550,scenario_26,-0.0004585495030534221,-0.0010825349865270545,2.6614926042355322,6.232294976123861,-0.0001670869806527235,0.05452346616908277,-0.033738927322741974,3,3
538,scenario_26,-0.00029229423924774164,-0.0006574605879387236,2.661431717713871,6.231699269671043,-0.00014552815323601672,0.05947673297013578,-0.030890201142498852,3,3
958,scenario_26,-0.0001805304928162368,-0.0004600614901587833,2.661513819596235,6.232340043409141,-0.00022273175648509851,0.0484206134896108,-0.030601521010683363,3,3
780,scenario_26,-0.00016028263220610098,-0.0007753710934872507,2.661555335467337,6.2326148308651215,-0.00017701202731423648,0.05390622144174739,-0.03542064693429636,3,3
240,scenario_26,-5.8154641894623635e-05,-0.0004971285989185561,2.667233624736797,6.263117579534996,-3.188477517653819e-06,0.001567857368153014,-0.0043822119206058385,0,0
694,scenario_26,-5.5452693192230075e-05,-0.00029584961536352055,2.6594020811266,6.220331446975318,-0.0016668352965627312,0.0,-0.14443393220305234,0,3
464,scenario_26,-5.5343284931092055e-05,-6.392072649096373e-05,2.6673456553344836,6.262973785958363,2.1883088039872112e-05,0.0014294882046650415,-0.001434173160324681,0,0
273,scenario_26,-4.9757802207488566e-05,-0.0006538466557080392,2.6672870003349543,6.263096312096729,-5.93938709436342e-05,0.0015465899298856556,-0.008978273595923847,0,0
493,scenario_26,-4.617149016197072e-05,-5.3854275331657846e-05,2.667166470817263,6.262247789096075,-2.438892366724515e-07,0.0006980669292317998,-0.0020753308039684892,0,0
670,scenario_78,-1.7933645213022827e-05,-0.0019028724076279905,6.111014468478139,45.64820864478742,0.0002605633984558702,0.24125549092721732,-0.19628149796481864,1,1
964,scenario_26,-1.6262667023343966e-05,-0.0001397492467337288,2.6665373834257537,6.259452666516126,-5.178906209610998e-05,0.0,-0.002552753028425947,0,0
9,scenario_44,0.06415339274129132,0.05960852498311852,4.250394268481778,19.121059091773798,-0.059808832573316796,0.0,-2.8396012682004788,0,40
9,scenario_75,0.06440280917274277,0.059857941417157536,4.258781197791242,19.211581553712712,-0.06010758674684389,0.0,-2.85373848174288,0,40
152,scenario_44,0.06535112548445189,0.0612143540091773,4.241475721356562,19.025057805405602,-0.06186766951261739,0.0,-2.935602554568675,0,40
152,scenario_75,0.06560773019062599,0.06147095871962572,4.249843212442331,19.11510154606429,-0.06217667665387872,0.0,-2.9502184893913004,0,40
557,scenario_44,0.07283019667871635,0.06867073803120934,4.192770893267481,18.50585568333833,-0.07275553878322462,0.0,-3.4548046766359484,0,41
557,scenario_75,0.07312329826179531,0.06896383961832185,4.201033720196609,18.59335368317196,-0.07311814235418153,0.0,-3.4719663522836335,0,41
254,scenario_44,0.07415229315200088,0.06904636381481692,4.199668318355576,18.579021784678716,-0.07000910668600037,0.0,-3.381638575295561,0,43
254,scenario_75,0.07444146199291642,0.06933553265926289,4.207956792183501,18.66699544961571,-0.07035549801816075,0.0,-3.398324585839884,0,43
9,scenario_64,0.09795838417125295,0.09341351641571906,5.260535168573791,31.870632254123375,-0.09989888625584778,0.0,-4.740804344992572,0,41
152,scenario_64,0.10013297929278424,0.09599620782173485,5.249479519896452,31.71034333606747,-0.10333820480568749,0.0,-4.901093263048477,0,42
9,scenario_19,0.10954605480733001,0.10500118705056259,5.554575485886175,36.30735914339381,-0.11358513070565301,0.0,-5.390437552222764,0,43
152,scenario_19,0.1120543201088811,0.1079175486368368,5.542925398715663,36.12511664426288,-0.11749538351087124,0.0,-5.572680051353693,0,43
557,scenario_64,0.11257799667254069,0.10841853802848864,5.1891416971416,30.843974952075666,-0.12151498259920927,0.0,-5.767461647040282,0,43
254,scenario_64,0.1135942271956628,0.10848829786196292,5.197775642734307,30.967276275256975,-0.11690141238287288,0.0,-5.644160323858973,0,45
9,scenario_78,0.11873816243664805,0.11419329468177818,5.767676079825289,39.73528709858156,-0.12451355307000543,0.0,-5.908214187668129,0,43
152,scenario_78,0.12151262337790161,0.11737585190531856,5.755560683558424,39.53552530339592,-0.12880031285869623,0.0,-6.107975982853766,0,43
557,scenario_19,0.12620557765444404,0.12204611900893704,5.4793052208196125,35.13944280522639,-0.1381747336634364,0.0,-6.558353890390187,0,44
254,scenario_19,0.12714707628585875,0.1220411469517349,5.48830345357652,35.27810406975432,-0.13296411929288768,0.0,-6.419692625862254,0,45
557,scenario_78,0.13701176369744458,0.13285230505232945,5.68943287068523,38.45567510564392,-0.15145848396706832,0.0,-7.187826180605768,0,45
254,scenario_78,0.1378527392004252,0.13274680986621032,5.698875620174883,38.609001744536826,-0.14571581777178044,0.0,-7.0344995417128615,0,45
