mode,development,scenario_count,mean_tts_minutes,median_tts_minutes,std_tts_minutes,min_tts_minutes,max_tts_minutes,q1_tts_minutes,q3_tts_minutes,mean_tts_chf_yearly,median_tts_chf_yearly,std_tts_chf_yearly,n_positive,n_negative,iqr_tts_minutes
Rail,100001,100,112812.66440212239,108966.88457679556,29893.549809637454,45491.971784592024,205443.59989929566,95041.82483387012,129960.63563156415,17321632.534516543,16731138.680869779,4589955.282937767,100,0,34918.81079769402
Rail,101001,100,103749.58478587106,100282.27521640243,27058.314436147,42700.14218741577,187215.23053074314,87566.47946357778,119504.00130272283,15930057.079971928,15397674.810977146,4154623.7929074643,100,0,31937.521839145047
Rail,101023,100,92459.44612168906,89361.410545588,24169.08374466533,37940.51102536905,167062.75538181915,78020.24847799522,106499.68137481977,14196531.555677876,13720848.846538067,3711001.681768397,100,0,28479.432896824554
Rail,101007,100,87221.52245026006,84261.28456461614,22918.61646535853,35581.239953636104,158028.18441916286,73503.1952763191,100513.92862278466,13392283.295421097,12937758.502999712,3519000.767479366,100,0,27010.733346465568
Rail,101012,100,86479.74007521117,83572.20206689954,22635.789000449517,35435.55386805441,156366.7017228625,72948.31105384295,99624.51044142254,13278387.556948174,12831954.479358647,3475574.495759021,100,0,26676.19938757959
Rail,101027,100,77268.04008775218,75767.62498533652,17723.431045964226,36068.920974611756,130665.00820208079,66220.41194545865,87593.225971254,11863992.435207095,11633613.69899852,2721314.680900834,100,0,21372.81402579535
Rail,101011,100,75303.08467611806,73863.01654779854,17223.36505618399,35243.34239470925,127154.78527498458,64590.6729751821,85337.40328744141,11562286.63145342,11341173.770804144,2644532.8819433437,100,0,20746.730312259315
Rail,101031,100,65786.59741809587,63554.02211064269,17287.883806690967,26833.445657251938,119199.58916688367,55439.80344030344,75811.70830485286,10101093.456232501,9758296.401608447,2654439.305958688,100,0,20371.90486454942
Rail,101016,100,63760.93946505688,61606.4260576362,16788.704939660973,25921.497197806093,115694.3625414357,53758.919281303315,73446.43619191847,9790067.181929715,9459256.011642985,2577793.7187853456,100,0,19687.51691061516
Rail,101026,100,53369.78662692083,51560.25173068192,14014.246029876907,21790.058057188,96658.65155530453,44979.78190141981,61502.49739259671,8194574.937986179,7916732.918234671,2151794.0495807338,100,0,16522.715491176903
Rail,101010,100,52560.37762743061,50777.52513653097,13803.165450615064,21457.395325839097,95197.30310511484,44295.64831623404,60570.97224506776,8070295.582174453,7796550.467880087,2119384.033838939,100,0,16275.32392883372
Rail,101008,100,47814.49500848397,46211.97860997927,12505.568513565771,19607.40932822162,86424.46471167379,40345.056048424085,55074.46708697549,7341596.945252658,7095541.2357049165,1920146.674801267,100,0,14729.411038551407
Rail,101024,100,46398.77226023799,44854.58051896232,12096.827597424186,19097.67761558309,83723.48205304239,39176.978866933496,53432.077538585145,7124222.155411141,6887121.8081498705,1857387.2320671675,100,0,14255.098671651649
Rail,101000,100,46220.1373940509,44664.08468431313,12108.018878574849,18920.09842491112,83611.0666258377,38981.59133252262,53247.74198636456,7096793.962607222,6857872.442711718,1859105.5786793109,100,0,14266.150653841942
Rail,101002,100,44944.60214896673,43423.73580467691,11846.066535890533,18248.953409313326,81598.40733004035,37888.689951240194,51773.27370399253,6900944.029292849,6667425.141236108,1818884.5428090857,100,0,13884.583752752333
Rail,101029,100,43652.46531735096,42202.05416441022,11394.814159080011,17932.573097346685,78833.64106393157,36865.77051991135,50259.706989318074,6702545.033043791,6479844.0699174255,1749597.7486990083,100,0,13393.936469406726
Rail,101030,100,43196.130234038195,41754.02950948686,11262.639855320254,17783.61636990143,77936.92361044872,36460.21224474833,49754.23334002771,6632477.823235004,6411052.870984977,1729303.2655187233,100,0,13294.021095279386
Rail,101003,100,43019.71651248754,41560.02453082823,11302.795817398564,17551.69165277468,77938.81090069101,36254.40248206225,49575.45775306571,6605390.672382377,6381264.699878469,1735468.9457894326,100,0,13321.05527100346
Rail,100005,100,42751.761700158335,41300.83851099145,11233.08749003669,17441.270487307484,77455.61250877159,36027.75796914211,49267.168047669475,6564247.997314644,6341468.414439331,1724765.6968451994,100,0,13239.410078527362
Rail,100002,100,41773.40026168448,40356.67237556008,10967.622757404393,17059.8550151581,75649.36605620313,35204.57210778979,48140.49440139643,6414027.120846574,6196497.998784747,1684005.3569143945,100,0,12935.922293606636
Rail,101014,100,38485.63196063151,37184.14195639038,10112.717966473743,15693.28579396024,69739.4698848721,32445.029734371055,44340.61257925656,5909212.21667523,5709377.103124032,1552740.425632266,100,0,11895.582844885503
Rail,101013,100,37301.23475273375,36038.550497592005,9765.873433914652,15291.433192849074,67435.4488115359,31439.842661170078,42990.79308852488,5727355.921383915,5533479.171901936,1499484.7599547023,100,0,11550.950427354801
Rail,100000,100,35632.9442613139,34419.409551621065,9452.508775746981,14345.166061997734,64937.91142439644,30022.214434147972,41061.2203540498,5471201.038363007,5284870.87392107,1451369.7057907772,100,0,11039.005919901829
Rail,101028,100,32087.943548987143,30999.148231088184,8431.526075007785,13089.752506137884,58137.50292277459,27041.54153457199,36977.743045482785,4926889.812323316,4759712.549895383,1294604.6186436114,100,0,9936.201510910796
Rail,101006,100,30379.333206315296,29684.245570539133,7205.612151311868,13744.848830817498,52266.45165968657,25847.60471230562,34573.88522407375,4664544.084941671,4557818.0123858135,1106373.7084195951,100,0,8726.280511768127
Rail,101015,100,25334.66555530069,24709.82950603873,6112.148566612344,11275.327890276967,43970.10957956314,21623.067398964922,28890.53477659887,3889968.998246052,3794029.58845554,938479.6647462145,100,0,7267.467377633948
Rail,101020,100,22431.347748885226,21676.59745723191,5868.792341217507,9198.29869180976,40546.17919063603,18918.231616673984,25844.168449551944,3444183.904523,3328297.028908245,901113.9387116737,100,0,6925.93683287796
Rail,101017,100,22153.584122033008,21422.517030120653,5758.312422389892,9148.630640149568,39912.71716022951,18720.390849409596,25503.969616295944,3401535.1513773543,3289284.673194825,884150.4837084854,100,0,6783.578766886349
Rail,101021,100,19630.20015901096,18962.812391281477,5179.338505982225,7963.008264541713,35655.843560218345,16540.100583076382,22618.08462595931,3014086.3664150727,2911613.4239319954,795252.8986701976,100,0,6077.984042882927
Rail,101022,100,16180.621301274841,15628.83409547765,4297.529107038386,6504.198100566574,29509.29062462499,13630.152416467972,18653.25619768926,2484426.5300020766,2399703.28313329,659856.9441916975,100,0,5023.103781221289
Rail,101025,100,14680.540427820706,14181.523874284176,3869.4661920614612,5963.404902220428,26648.558522219828,12370.19358289319,16915.57226038174,2254099.112422351,2177478.44740384,594130.7373497571,100,0,4545.378677488552
Rail,100004,100,14401.423103394867,13910.346992969862,3824.9319120180044,5789.111236095122,26264.36524773133,12131.373486279663,16601.94444060071,2211242.508038926,2135841.045123902,587292.7955442846,100,0,4470.570954321047
Rail,100003,100,13020.165655270179,12577.604452133673,3434.7709660220785,5282.7931365959375,23647.381332402583,10970.592797279387,15002.103613854924,1999159.6352623673,1931207.3129287777,527386.1833595833,100,0,4031.5108165755373
Rail,101004,100,10725.647904720123,10522.853687285606,2448.023768234603,5029.400171279194,18091.453117378405,9205.520198818267,12151.907859804849,1646851.7314504099,1615714.0313247894,375877.72945396835,100,0,2946.387660986582
Rail,101032,100,5384.918864045396,5258.702780843305,1284.0853896949993,2423.8974999184575,9290.046358585241,4586.163490234067,6132.291610867323,826818.3921150769,807438.7539799504,197162.75101840246,100,0,1546.128120633256
Rail,101018,100,2117.5885855890347,2045.5873122208868,558.4956711016359,859.4660041336465,3845.374759674305,1784.291290879628,2439.9238095285546,325141.61005995894,314086.294542769,85753.28699318216,100,0,655.6325186489266
Rail,101009,100,1448.2981958345204,1398.9091923231172,384.3812855185275,582.7668135174463,2640.0969848650857,1220.0609017593524,1669.17241024712,222376.53264908504,214793.18041993247,59019.18384946644,100,0,449.11150848776765
Rail,101019,100,1310.322766475648,1274.0143547061598,325.3497048668628,566.6000537873333,2308.072929382324,1113.5973234174162,1499.2346744537645,201191.3253072259,195616.41073609944,49955.27818427433,100,0,385.63735103634826
Rail,101005,100,1103.9129151726775,1066.2713718415762,293.199026859186,443.73999214178184,2013.2729721075157,929.9046592714149,1272.595898628424,169498.46870533013,163718.86067046173,45018.75591404893,100,0,342.6912393570092
Road,334,10,13413.543312123296,9901.978776972013,9434.305241983013,2748.416123521689,29988.851144417426,7077.349049455865,19728.028804654372,3751600.3951094844,2769459.68918436,2638657.2473671236,10,0,12650.679755198507
Road,0,10,9071.8278212231,6632.31679877406,6521.5953061439,1737.9355012003798,20545.763032085495,4687.937436480715,13429.71682771304,2537276.8437483357,1854976.10465712,1824008.6871871222,10,0,8741.779391232325
Road,423,10,9091.962531524085,6583.016768335394,6672.459763723547,1626.5581834885816,20842.44884219207,4602.175206078566,13537.891223025945,2542908.2705356427,1841187.5023938057,1866203.5901664293,10,0,8935.71601694738
Road,669,10,8281.571618357522,6011.16976778573,6040.952141414394,1511.7851698814193,18904.11802771315,4216.559480199299,12292.449138649039,2316252.062009369,1681249.0444275714,1689578.802051838,10,0,8075.88965844974
Road,813,10,7852.846713189688,5250.932025423535,6705.82611343088,611.3699622725835,19775.257097125752,3317.088546300729,12281.573022394761,2196343.0650952407,1468620.0508606452,1875535.7411001993,10,0,8964.484476094032
Road,938,10,7276.721855651561,5114.436416277633,5677.513002629192,1019.1751485197748,17325.040901676053,3448.88854347718,11056.929981956111,2035208.144002546,1430443.9351776503,1587929.417922852,10,0,7608.041438478931
Road,15,10,6484.543460017859,4752.066433227796,4638.66303422841,1260.0957061277877,14642.175527352609,3367.1294597582455,9586.021120915888,1813645.7489737447,1329093.5805433989,1297376.067385758,10,0,6218.891661157642
Road,57,10,5435.647841470622,4453.088307435421,2885.233410042786,1903.6786016088151,10399.771681082437,3528.6266340686125,7435.083103522629,1520282.7556613146,1245473.1359858443,806963.7193713419,10,0,3906.4564694540168
Road,761,10,4917.5773246179015,3497.245750378788,3747.6714012641005,760.4455309081532,11532.3407907926,2392.2960945065424,7408.994567639689,1375384.9079790693,978135.9208090673,1048176.845041053,10,0,5016.698473133147
Road,176,10,5224.596468234437,3434.8291163288523,4583.06055227423,306.1973116915615,13378.687503176045,2121.126474607736,8235.58178305917,1461254.3247093193,960678.7684732259,1281824.7482141987,10,0,6114.455308451434
Road,673,10,4182.337095515637,3062.707464238716,2998.287872932516,805.5131874942745,9454.626859947572,2167.0393753351964,6187.22748157836,1169747.4064020296,856600.9939042659,838583.6394608131,10,0,4020.188106243164
Road,767,10,3832.0636877735933,2751.4243057614367,2864.936300471276,637.6846931987384,8880.231227940647,1902.9185318612435,5738.100595274096,1071780.3126741769,769538.9855176518,801286.8715380599,10,0,3835.1820634128526
Road,540,10,3290.9238390873275,2270.9026771970675,2656.0871978435757,385.3623997748655,7991.52710549999,1497.025524520519,5042.904864653858,920430.2612447368,635143.0925285548,742874.3881468752,10,0,3545.8793401333387
Road,694,10,2615.3295719837333,1590.0891133305558,2578.57004604638,-88.29180199469556,7232.16294386331,863.8139962395944,4304.540571912978,731474.9896642005,444728.04888463987,721193.8097535968,9,1,3440.726575673383
Road,770,10,2208.0439382019745,1588.4375575990707,1646.6087285815129,368.5636825511465,5108.713948520133,1099.4460879742255,3305.631623796711,617562.2889658647,444266.12939099007,460535.87877514184,10,0,2206.1855358224857
Road,569,10,2105.8452158724917,1457.6833266135654,1690.1324292960403,254.22905308628103,5095.5601556592155,964.5269528525532,3220.5296718161553,588978.5838143376,407695.8054122316,472708.91381873627,10,0,2256.002718963602
Road,62,10,1628.7124198892707,1151.536699239543,1259.7324546721345,231.8161513528612,3852.116739226738,779.5669906789262,2466.5583131398016,455530.5049377804,322070.42056855967,352331.4209161126,10,0,1686.9913224608754
Road,755,10,1007.703738268165,888.9120523641177,403.0929717073157,462.2117278466758,1677.2500642312225,747.6915974467993,1298.8149856688106,281842.1392968774,248617.58964558918,112740.06552438985,10,0,551.1233882220113
Road,250,10,978.4727763590956,860.5025358307175,396.9368307403027,443.80262862340896,1639.0308501895051,722.1123927541921,1264.5676147578633,273666.60463793454,240671.8029901538,111018.2698476784,10,0,542.4552220036712
Road,627,10,706.6622391529847,632.5639953925274,264.80866141546267,337.5852998760529,1140.7452964519616,537.0526092389046,900.0003221315857,197644.59501310042,176920.24246134755,74063.6724896372,10,0,362.9477128926811
Road,958,10,1086.5480587121099,621.3857980038738,1160.5963066737118,-117.26341236423468,3167.1445160426665,296.89859525699285,1842.6295719103655,303893.91017104324,173793.84037920844,324604.2795228037,9,1,1545.7309766533726
Road,538,10,944.1081360330485,502.92680095284595,1089.5162408026379,-171.05378970617312,2902.7090169736184,201.45776520071374,1650.9898998004792,264055.24429674324,140662.3396414991,304724.0735994879,9,1,1449.5321345997654
Road,780,10,930.9203879439883,494.33311955907266,1077.6199853391715,-171.49748552936944,2868.183668450918,196.35613261577964,1629.7944784769788,260366.79600308425,138258.79437667812,301396.8396495495,9,1,1433.4383458611992
Road,392,10,594.9788192072389,437.8706619636214,425.6366152261122,110.72594671099796,1339.8465609855484,308.88074987745495,879.9739608453236,166408.1384970246,122466.95076795036,119045.24082105326,10,0,571.0932109678687
Road,670,10,377.4059547101759,382.1998460923205,54.634057388867916,257.8935750409437,434.4311968917027,352.91152257965587,424.01308394403895,105555.72795800232,106896.51945394588,15280.462925948994,10,0,71.10156136438309
Road,550,10,787.3992835677985,356.36721108839265,1045.983480777662,-259.1495766293956,2675.958292905474,72.32754480245057,1460.5474877574306,220225.73712286865,99671.45435128482,292548.5047800023,9,1,1388.21994295498
Road,177,10,491.19579431762975,313.50576037864084,454.814329638046,3.521029076859122,1299.1869169094134,182.8524646481237,789.8545202883544,137381.32372321206,87683.6423559011,127205.882820641,10,0,607.0020556402307
Road,94,10,262.9792309541779,172.3035457530059,236.70502616696214,5.036724609031808,681.6300132989418,102.46641150633512,420.0748494624859,73552.00365749662,48191.147952793835,66203.43700607223,10,0,317.60843795615074
Road,837,10,285.01204482486065,157.95689307613065,317.32108710848274,-43.38498134803376,853.9316879017279,68.72693375032395,492.1503442413814,79714.30628695322,44178.56853223029,88750.74155065377,9,1,423.42341049105744
Road,227,10,181.49005851178953,156.69531498625292,83.82432462156133,69.24357743558357,320.6323850885965,126.97386690689018,242.31286061750143,50760.500740016134,43825.72091021761,23444.615792592933,10,0,115.33899371061125
Road,273,10,187.3198896926595,149.76585679274285,111.19458903689747,50.62862796895206,377.5249069989659,113.57329856503928,264.6828407483408,52391.0316484157,41887.63807172027,31099.736621257263,10,0,151.10954218330153
Road,104,10,191.88673033750965,138.03413000470027,146.69322179155466,25.484591814456508,448.6189430563245,93.00206362507015,291.4078287926677,53668.31989127223,38606.42073568961,41028.26046982544,10,0,198.40576516759756
Road,206,10,281.08386410535024,134.99077756219776,358.02168981580235,-80.8337217841472,926.008892584592,36.42800077942957,512.8381241070747,78615.64324196512,37755.23309942719,100134.1913703572,9,1,476.4101233276451
Road,90,10,213.81222032516672,125.514158917038,223.73657633270875,-21.62604501095484,613.2796347027179,61.555080266538425,360.7732886224985,59800.60537219506,35104.74132210907,62576.32369305448,9,1,299.2182083559601
Road,964,10,138.47643701338092,101.11414025304839,101.7981893997775,22.4517925378168,316.32903133681975,69.89181060690316,206.74699431954647,38730.128477179984,28280.36110202447,28471.681097750276,10,0,136.8551837126433
Road,267,10,72.1875387303182,71.31193604524015,13.360956063353163,48.69511215452803,101.584276414942,66.5154758249264,76.2820593888755,20189.95223863587,19945.057112653103,3736.8923989690875,10,0,9.766583563949098
Road,464,10,1.819893307404709,-4.642565447895322,18.900763133116108,-20.177512652095174,33.95238591055386,-11.04478135817044,15.196394437516574,509.00140941475456,-1298.4675237082226,5286.307188793411,3,7,26.241175795687013
Road,493,10,19.466990520755644,-5.762149151152698,62.20315613039887,-42.71534427689039,130.51954555138946,-23.647206076435396,60.02761199497036,5444.673911273845,-1611.6010907130203,17397.445230220936,5,5,83.67481807140575
Road,394,10,-80.6144290029566,-13.398017674277071,152.55358096559735,-361.1388954578433,59.24217693528044,-175.1217696786043,24.199256210995372,-22546.848111764426,-3747.258068274369,42667.32967631551,5,5,199.32102588959967
Road,240,10,-3.447304636737681,-16.44601694701123,32.34078325357764,-35.420015139650786,54.33923076884821,-25.95090014814923,18.066961839300347,-964.1680155875702,-4599.7453648672035,9045.312816234997,3,7,44.01786198744958
Road,143,10,-78.72721769845229,-78.98574406356784,6.647691353719193,-86.46611771848984,-63.63240153877996,-83.5777955747617,-76.23600051068934,-22019.01870003588,-22091.32529277913,1859.276175493337,0,10,7.3417950640723575
Road,987,10,-120.36787238508987,-101.93981582132983,59.36234071772525,-219.5039492147043,-42.9747815989831,-163.02943564538145,-81.40225400532654,-33665.38930770483,-28511.292237528185,16602.904669488784,0,10,81.62718164005491
Road,209,10,631.8686053155398,-104.60790122457547,1684.560674208221,-914.7985828327364,3721.806229754351,-530.9070769197133,1685.5613545114174,176725.75054919004,-29257.522373748445,471150.5635676118,5,5,2216.4684314311307
Road,736,10,-130.54970621538814,-114.61240707655088,51.8557083573059,-217.08518488053232,-61.19010992109543,-167.66056763852248,-97.12748818573891,-36513.12095711637,-32055.657604222826,14503.393431183995,0,10,70.53307945278357
Road,971,10,-242.08697511597128,-219.4440244800353,78.28371073843462,-371.7983102391008,-133.74956482395646,-298.8644385493826,-192.32253570754258,-67708.70085274821,-61375.75059675987,21894.97534715594,0,10,106.54190284184003
Road,811,10,-297.8964872392447,-295.3936950514326,45.54491543081321,-357.16310909949243,-208.53861731415964,-334.9573059687391,-274.62367109322804,-83317.92377472625,-82617.92408469756,12738.343534555568,0,10,60.33363487551105
Road,140,10,-410.3498309820687,-301.0437265127548,289.8309076527187,-919.5205456737896,-85.44045996511704,-601.397076016583,-215.52180509967732,-114769.71835279735,-84198.16725903611,81062.08198411977,0,10,385.8752709169057
Road,517,10,-511.80872814622415,-386.8236296082614,336.7122484993233,-1104.2018902283162,-129.59167979485937,-738.5455958776292,-286.2717911788495,-143146.50365339706,-108189.7339060606,94174.20700215451,0,10,452.2738046987797
Road,114,10,-883.6627742464655,-651.5808049544576,619.7005805235037,-1976.8439979911784,-187.46131086535752,-1299.0206432084378,-467.67052193211566,-247149.4321720583,-182239.00638569985,173322.50611516743,0,10,831.3501212763222
Road,863,10,-221.2778037853975,-758.8523015211977,1140.6268512170745,-1133.8363962981675,1910.5556422795637,-1017.7418631732289,461.1680637494719,-61888.63574622837,-212241.50308170996,319019.07244977547,3,7,1478.9099269227008
Road,233,10,-936.1331150370243,-786.4442282499513,449.0527975561041,-1703.752637202153,-373.89153271133546,-1247.842829353991,-641.118265349287,-261824.7306119177,-219958.62008865824,125594.45431647287,0,10,606.724564004704
Road,284,10,-1022.5688148747926,-795.8778530930285,628.8558192899415,-2120.4542405949906,-288.5224451353133,-1449.817934809369,-603.3588571182336,-285999.71541029355,-222597.0870369564,175883.11195765555,0,10,846.4590776911355
Road,12,10,-584.5126929009566,-874.000053268217,571.9077297481285,-1003.0109958337852,506.3251256975346,-971.1457972266508,-271.15648881701054,-163480.8937957363,-244446.88989845442,159955.44316392968,2,8,699.9893084096402
Road,680,10,-590.5537290349224,-936.6193429050909,675.327315891978,-1085.2644884466426,692.7057682881132,-1045.9751043467186,-215.05068754366948,-165170.4960894549,-261960.72246876764,188880.6086635376,2,8,830.9244168030491
Road,28,10,812.0413848424884,-952.3263527223315,3938.309465083819,-2663.894814005558,8072.937983146636,-1916.0845044232265,3233.8373914828117,227117.82482313347,-266353.7767770272,1101495.9285156305,3,7,5149.921895906038
Road,565,10,-671.9685125322576,-1125.207795549999,895.8877959751262,-1328.322947921406,1024.784906398272,-1280.8516328603362,-170.4759111686726,-187941.1933488658,-314706.55531789036,250568.61793679316,3,7,1110.3757216916636
Road,197,10,-1546.6010851278581,-1176.8762685272377,1009.7071155702067,-3312.1624132762663,-384.36142084616586,-2225.443919760408,-870.9353050536738,-432564.9909966978,-329157.5813537118,282402.4588860422,0,10,1354.508614706734
Road,533,10,-1248.4507680448733,-1179.9225779078843,324.7131019752448,-1745.948605447309,-732.3841195096902,-1494.1948638779868,-1050.7624531357142,-349176.0741875505,-330009.5960086114,90818.19570870127,0,10,443.4324107422726
Road,866,10,-1717.1774160295056,-1315.0873539307504,1103.3740237534194,-3644.400961676846,-441.8548762349237,-2460.4886500478897,-979.2301792028885,-480273.0585457523,-367813.4943025068,308599.9222685345,0,10,1481.2584708450013
Road,270,10,-1691.2533337255736,-1329.243007911602,1012.8157691853818,-3451.910411776509,-498.71987836583867,-2378.895079029753,-1016.3322895956226,-473022.41677637136,-371772.65377527615,283271.9104440365,0,10,1362.5627894341305
Road,602,10,-997.2061125085777,-1334.974994662116,704.6913678888594,-1508.2893027618993,357.87969265063293,-1479.880601696772,-629.2989075402147,-278906.08459224284,-373375.8188195606,197093.36695641535,2,8,850.5816941565572
Road,255,10,-1791.3403647066384,-1344.3201623849745,1209.7127481694642,-3911.9276639225423,-412.0282322279527,-2602.3827745427843,-980.2933683842274,-501015.50825388794,-375989.5454170476,338341.5342536471,0,10,1622.0894061585568
Road,629,10,-1636.415595235137,-1449.8251814111718,629.2358115072595,-2683.5338363295887,-784.6762769709167,-2088.359816047683,-1231.3996786911885,-457684.9867923275,-405497.9804259371,175989.39103093665,0,10,856.9601373564947
Road,648,10,-1668.3191240702174,-1650.8616866789234,292.3402346403811,-2046.8516456387008,-1105.221967193589,-1909.427477626392,-1513.261073959613,-466608.00501338893,-461725.3779930114,81763.9093759816,0,10,396.16640366677893
Road,556,10,-2532.583833500862,-1793.2798383203915,1943.7143724750845,-5968.854994587833,-385.1030417178117,-3824.2038755082176,-1223.1457830953295,-708332.0409322723,-501557.95478023455,543632.6135516252,0,10,2601.058092412888
Road,594,10,-1636.4199996734794,-1823.4846776447957,287.92823918094376,-1856.2544542117391,-1072.870848582359,-1845.585204983916,-1483.2580499882897,-457686.21865867625,-510005.8707787788,80529.92939592022,0,10,362.3271549956262
Road,822,10,-2360.4929354208844,-1852.4332617704058,1419.684419259446,-4828.37777768285,-691.165237171721,-3322.9292379761464,-1413.7865911086556,-660200.3678755285,-518102.4279014104,397067.98601162626,0,10,1909.1426468674908
Road,810,10,-1945.681995401159,-2003.5665413104289,179.66796205386726,-2125.3893210435053,-1602.1900221246178,-2062.5641581720265,-1860.4067544678692,-544182.9330887616,-560372.5170227606,50250.88313694102,0,10,202.15740370415733
Road,308,10,-2034.0321564331039,-2043.600286364468,297.1302530177334,-2367.288382523926,-1406.5625209117716,-2281.751317100192,-1892.9287505847606,-568893.3687523839,-571569.4550925621,83103.61764089733,0,10,388.8225665154314
Road,546,10,-2931.178457836993,-2176.581772144331,2033.5781471318535,-6508.19326349441,-627.0331139159389,-4299.512547398306,-1567.3220986305678,-819813.9749262839,-608762.7143966176,568766.3880259403,0,10,2732.1904487677384
Road,940,10,-2842.7622905498806,-2185.534525615687,1809.0878849887542,-6000.193435094552,-746.124407561816,-4062.929053780186,-1633.2929322137352,-795085.0781381697,-611266.6876331375,505979.2678327922,0,10,2429.636121566451
Road,625,10,-2774.1405372743698,-2202.1059747728577,1616.6634219675334,-5582.309682967607,-856.1856019604311,-3879.504348260234,-1698.975329791676,-775892.4315189254,-615901.5148192836,452160.5508315445,0,10,2180.529018468558
Road,858,10,-2020.5143883669546,-2231.333144917502,332.6645176813539,-2276.6433710203273,-1374.5312875558157,-2268.7692527723557,-1840.7926282659391,-565112.6179963826,-624075.9889691139,93042.10728900366,0,10,427.97662450641656
Road,614,10,-2915.524264174039,-2234.669359391817,1867.5989291935366,-6176.742526366143,-757.4114107878704,-4172.387047834782,-1666.1647342165088,-815435.6926361766,-625009.0864548988,522344.0755088173,0,10,2506.222313618273
Road,764,10,-2534.4310503029437,-2450.9082104323315,552.5727183476479,-3330.0650058686733,-1578.8063363821711,-2967.5361909177445,-2214.279248576262,-708848.6843816045,-685488.3901052928,154547.68216285776,0,10,753.2569423414825
Road,935,10,-3307.521592311008,-2544.903279099206,2098.156130507218,-6968.054524246836,-875.5014669097145,-4720.278197981592,-1904.6145565218176,-925072.445349485,-711777.6358730593,586828.0427512375,0,10,2815.663641459774
Road,791,10,-3991.703885586947,-3272.103941232228,2100.78967666085,-7600.807142943377,-1422.4804699293743,-5434.628776382713,-2601.6039246922155,-1116429.680500099,-915166.5710633888,587564.6126910815,0,10,2833.0248516904976
Road,878,10,-4309.450752804978,-3442.961741393665,2459.009544424454,-8563.025866826763,-1374.0944500087353,-5980.688523958437,-2674.0189642078476,-1205299.5074251425,-962953.3620460406,687754.2319562145,0,10,3306.6695597505895
Road,809,10,-4209.314797068044,-3444.3845363449946,2228.263990872517,-8039.451615593396,-1488.9652214566013,-5738.817506604479,-2734.44040528193,-1177292.7323049684,-963351.3000089906,623217.5849471571,0,10,3004.3771013225487
Road,459,10,-3862.5285165089617,-3477.3464876589424,1375.1884303503757,-6112.209791234462,-1936.4160962348396,-4859.5315354311315,-2985.3094387323654,-1080300.9444611003,-972570.3457671104,384623.0141136208,0,10,1874.222096698766
Road,726,10,-4904.969166776011,-3533.268181122199,3642.36844860131,-11339.473899192642,-844.9841164700047,-7345.414813740121,-2455.9698277850694,-1371858.5638326656,-988210.9444076151,1018724.925468179,0,10,4889.444985955051
Road,628,10,-5131.660802549837,-3694.954353171255,3809.2934946232804,-11851.7174754492,-886.2975818910345,-7671.277712249575,-2568.640134037967,-1435261.3807131576,-1033432.5456525855,1065411.774277449,0,10,5102.637578211608
Road,831,10,-5371.729016095324,-3869.8358495463035,3983.328220782635,-12398.509544883387,-931.014075240586,-8028.297251770622,-2691.832961395936,-1502405.459189161,-1082344.714169982,1114087.1117501433,0,10,5336.464290374686
Road,970,10,-5757.639029550063,-4489.367554080964,3537.852636932833,-11930.171323057264,-1616.0236894892296,-8172.421293174355,-3399.111193437013,-1610339.6660772834,-1255619.9877820197,989493.1593921514,0,10,4773.310099737342
Road,17,10,-4765.748827466368,-4849.594691137609,461.8075574170653,-5138.85637715261,-3581.1181780084153,-5082.93467794676,-4668.985796392648,-1332920.375182,-1356371.0151775498,129161.80121508543,0,10,413.9488815541117
Road,552,10,-7051.7650470690305,-5265.662148596282,4825.0974559412525,-15516.131355165273,-1564.411450192536,-10286.4790518503,-3815.081436899258,-1972290.5366021194,-1472739.8821855227,1349519.4447085687,0,10,6471.397614951042
Road,776,10,-7692.351213289166,-5584.175651954516,5615.700071202546,-17593.627830164274,-1406.2831923559716,-11449.387032590137,-3917.4064518387745,-2151454.479966813,-1561824.1276560288,1570641.1136644618,0,10,7531.980580751362
Road,202,10,-7557.491615232479,-5864.183873311937,4695.232309073736,-15736.847714864882,-2078.567522920406,-10731.764022879448,-4422.14385935168,-2113735.936135334,-1640138.9270669324,1313197.7864440607,0,10,6309.620163527768
Road,261,10,-8241.691833225734,-6267.5866737666365,5394.2206483500995,-17674.560001792386,-2035.228498341952,-11870.283592237276,-4630.604912213312,-2305098.1846053223,-1752965.6478191062,1508696.0875854185,0,10,7239.678680023964
Road,73,10,-9088.6349761309,-6850.17932394566,6085.730648466886,-19754.5623224983,-2127.893698578526,-13184.97332048454,-5011.224092021788,-2541977.5948866108,-1915909.5296660517,1702102.790743082,0,10,8173.7492284627515
Road,887,10,-9874.062301423284,-7489.35689198671,6512.971792376117,-21279.86024207459,-2393.3254668348236,-14269.154551961024,-5514.21931770035,-2761651.799929325,-2094679.5057275333,1821596.7981801953,0,10,8754.935234260674
Road,243,10,-9932.0892452304,-8220.717746542738,5075.319226546232,-18639.360939481063,-3660.7033648428337,-13455.559027975976,-6584.739269636222,-2777881.210775377,-2299231.994736172,1419503.3461746492,0,10,6870.819758339754
Road,277,10,-11737.965398515542,-8823.005698114343,7905.730111573407,-25588.420921622077,-2708.6909063361527,-17041.144607161084,-6437.952990745049,-3282962.197397316,-2467684.406191355,2211133.890580687,0,10,10603.191616416036
Road,469,10,-11835.463099692424,-8944.997890771367,7866.750284719206,-25605.756953834556,-2819.726720861625,-17119.977758974826,-6564.909140610325,-3310231.085695225,-2501804.097575117,2200231.720257403,0,10,10555.068618364501
Road,390,10,-12895.180660215308,-9656.48511101838,8767.069907685855,-28266.81685450091,-2905.3437061726872,-18776.94167357788,-7016.027544058743,-3606620.840903969,-2700798.1794879534,2452039.8648058875,0,10,11760.914129519137
Road,356,10,-14449.535196074197,-11215.054143700778,8974.888721705875,-30086.614738249453,-3973.860940434912,-20523.923428328446,-8457.290771315005,-4041354.375152002,-3136710.4558163118,2510164.189352112,0,10,12066.63265701344
Road,195,10,-15577.396284901222,-11830.743081226654,10236.460484678175,-33490.22333623888,-3808.863591125584,-22474.337898027006,-8724.607651807557,-4356803.023433311,-3308910.95553058,2863010.0418084264,0,10,13749.73024621945
Road,144,10,-15490.376042806103,-12016.918288843473,9636.163202727561,-32292.62900658837,-4250.682917604485,-22021.336584679433,-9057.564298763202,-4332464.549472332,-3360981.833910909,2695114.3957628645,0,10,12963.772285916231
Road,558,10,-15011.891786971808,-12179.246984076655,8188.717107203899,-29123.320301194675,-5091.84699139811,-20624.720839206944,-9583.966791249055,-4198638.484168677,-3406383.14085894,2290281.8159210905,0,10,11040.75404795789
Road,499,10,-15682.684686151359,-12187.755302551319,9708.529200305373,-32604.974822657183,-4344.254705662577,-22265.308072284242,-9202.883828420308,-4386250.873157958,-3408762.811182322,2715354.260710409,0,10,13062.424243863934
Road,682,10,-15022.00786097095,-12188.83144251391,8191.229605093745,-29137.344340238255,-5097.7985738328425,-20636.796391487675,-9592.578952029144,-4201467.823615313,-3409063.7940781093,2290984.530174657,0,10,11044.21743945853
Road,150,10,-16155.547766036814,-12260.804889519233,10635.278255028205,-34767.65096290712,-3934.626155389647,-23318.723835832032,-9034.713113300226,-4518504.765813421,-3429193.867537411,2974554.386953201,0,10,14284.010722531806
Road,2,10,-16925.739705653647,-12870.350949209445,11083.642085253336,-36307.58490344486,-4172.473116306937,-24383.591610168307,-9505.124547175612,-4733917.823925004,-3599676.281107017,3099956.1457192926,0,10,14878.467062992695
Road,358,10,-17015.019234232903,-12957.095966756286,11101.811924380032,-36423.91841794434,-4228.645524724328,-24487.998586178117,-9583.56222667756,-4758888.192074515,-3623937.778202149,3105038.0226000403,0,10,14904.436359500556
Road,895,10,-16923.079261148414,-13035.930985862013,10721.796586816175,-35628.27214160003,-4476.398280944646,-24160.84418831044,-9756.556273255977,-4733173.730852447,-3645986.947608281,2998752.482875149,0,10,14404.287915054461
Road,789,10,-16556.560660133273,-13048.460924505867,9856.961724831046,-33674.4542313437,-4916.139148231538,-23256.61600524932,-9989.746285513145,-4630663.0596310245,-3649491.414822735,2756868.982413683,0,10,13266.869719736176
Road,678,10,-16764.642674954634,-13169.797412339423,10072.601062732721,-34280.81438943604,-4903.437353238376,-23612.935939472925,-10051.881176762457,-4688860.998151374,-3683427.713763682,2817180.6097330577,0,10,13561.054762710468
Road,531,10,-17884.552063925395,-13549.747671258636,11825.668356071697,-38588.57999591902,-4310.620128523791,-25850.464053465024,-9965.670995485983,-5002085.655379133,-3789695.0518051498,3307491.618338803,0,10,15884.79305797904
Road,245,10,-17539.579796487153,-13577.624110989855,10972.925412394789,-36679.63107332005,-4760.288406135427,-24971.605548640393,-10211.648495027039,-4905601.2243300015,-3797491.743542475,3068990.0762791676,0,10,14759.957053613354
Road,952,10,-16983.717760878473,-13651.153898115066,9540.92064408859,-33471.79805877595,-5525.070824227092,-23507.99559253521,-10649.045614974237,-4750133.561245698,-3818057.1058790577,2668476.242643527,0,10,12858.949977560975
Road,564,10,-17883.574701430043,-13778.243944904068,11325.229287915068,-37642.337361637736,-4735.302500218095,-25531.427562060533,-10313.92035209034,-5001812.299306216,-3853602.6033403566,3167525.0664637447,0,10,15217.507209970194
Road,103,10,-18098.522605803875,-13917.583704316407,11518.358174041901,-38201.69045016379,-4743.774406907556,-25873.27996638458,-10397.895241404258,-5061930.541310771,-3892574.192300995,3221540.801802344,0,10,15475.384724980322
Road,27,10,-18307.154659388765,-14101.815812811663,11603.831387317841,-38566.85418366431,-4841.171016716893,-26155.80458715628,-10552.853648522954,-5120282.318797795,-3944101.610145762,3245446.5911404584,0,10,15602.950938633325
Road,289,10,-18491.376027908627,-14302.438838959584,11591.324586927507,-38700.34934891248,-4996.447060171486,-26328.595799484,-10748.063419616257,-5171806.732805694,-4000213.3627715087,3241948.5954062873,0,10,15580.532379867742
Road,873,10,-18710.771005277697,-14434.991150040412,11808.862523677582,-39307.953921115724,-4986.963469939015,-26688.640065839747,-10819.813161791843,-5233168.765538606,-4037286.587276928,3302791.2370910738,0,10,15868.826904047904
Road,285,10,-18949.45756919145,-14657.277371332108,11877.258259363758,-39656.09449989349,-5120.839621243504,-26979.59939712184,-11015.299732508896,-5299926.413883233,-4099457.2647944484,3321920.669415801,0,10,15964.299664612945
Road,249,10,-19255.942300867584,-14861.880912541354,12139.52284980498,-40428.28091737605,-5143.746944596962,-27458.20004576369,-11144.305957016799,-5385646.362273902,-4156682.31772641,3395272.79705483,0,10,16313.89408874689
Road,25,10,-19492.5125560058,-14973.008805431135,12445.654636989924,-41233.11799324677,-5077.407646547625,-27904.563170450157,-11172.625130110056,-5451812.105507873,-4187763.4002690203,3480894.0312831188,0,10,16731.9380403401
Road,486,10,-19670.53454063415,-15184.395317575487,12396.29952468704,-41290.546478625154,-5257.885662670451,-28048.14297079289,-11387.734343450196,-5501602.629333613,-4246885.565384394,3467090.023310906,0,10,16660.408627342695
Road,689,10,-19619.78592048217,-15279.30251424294,12075.118857661122,-40643.589776108274,-5490.258478178235,-27799.48887652342,-11561.070399855684,-5487408.874634856,-4273429.921952322,3377259.805502095,0,10,16238.418476667737
Road,201,10,-20028.306489640927,-15380.656506516942,12793.808391561814,-42362.84382090904,-5207.358920337108,-28661.396516621637,-11474.05033992046,-5601666.971321447,-4301777.366666457,3578268.2845149445,0,10,17187.346176701176
Road,750,10,-19986.926538723863,-15482.339571801567,12478.724183389195,-41735.97790765669,-5442.860375580378,-28426.69223444551,-11652.397681380055,-5590093.516299332,-4330216.848988251,3490143.170041665,0,10,16774.294553065454
Road,63,10,-20340.539552910577,-15716.846989359648,12785.403987995269,-42635.17783640418,-5465.216740521049,-28984.008582533774,-11798.890812136262,-5688994.656204676,-4395805.642336527,3575917.6778924265,0,10,17185.11777039751
Road,126,10,-20903.52412422782,-16129.607523700717,13188.880919464622,-43907.96927375696,-5573.4693323202955,-29816.384628840344,-12090.682215113658,-5846454.403494969,-4511249.604285044,3688765.132162762,0,10,17725.702413726685
Road,331,10,-21374.80997724209,-16434.433169282653,13612.268089020281,-45133.0763712225,-5592.286669743975,-30563.69422166547,-12274.690840025825,-5978267.165509897,-4596505.527033742,3807181.2311478592,0,10,18289.003381639646
Road,348,10,-21107.436841340157,-16599.15081194404,12649.476552128319,-43094.56108533149,-6195.111712883896,-29712.540499766823,-12679.168678223665,-5903486.241562325,-4642574.992715599,3537900.473173389,0,10,17033.371821543158
Road,775,10,-21907.55084247396,-16832.718527672027,13975.929072597206,-46303.493830015184,-5711.035056344146,-31340.539185773523,-12563.371743070396,-6127268.126254437,-4707900.96320827,3908892.662492031,0,10,18777.167442703125
Road,945,10,-25784.081232179484,-19425.631327045965,17290.9936778464,-56095.74617223861,-6009.281416726386,-37432.423253102694,-14199.720627064586,-7211485.219625199,-5433106.261783168,4836074.794272665,0,10,23232.70262603811
Road,662,10,-30955.521577799886,-23691.51883251057,19950.5859042102,-65813.54811085947,-7899.735169215826,-44417.93890575654,-17610.987389248214,-8657872.441290906,-6626221.6734678,5579929.495083791,0,10,26806.95151650833
Road,521,10,-32869.340807379456,-25139.016962230817,21222.277988934726,-69955.59384989948,-8355.641788949637,-47190.536830408906,-18673.104630313886,-9193143.75706394,-7031068.806623932,5935605.87503018,0,10,28517.43220009502
Road,351,10,-34073.68206900854,-25866.79767497632,22426.44441309734,-73338.65949541633,-8300.188233004417,-49203.23567979343,-19061.63519014143,-9529982.953675825,-7234619.974719939,6272396.171788162,0,10,30141.600489652003
Road,759,10,-36291.78074785129,-27665.34334168848,23629.252262930942,-77608.9936931429,-9058.04825295898,-52224.8744425349,-20479.208509842414,-10150357.427914659,-7737650.715878497,6608806.492288498,0,10,31745.665932692486
Road,612,10,-37368.96332407683,-28486.45820094709,24330.121970668635,-79912.02130226255,-9327.83875215854,-53774.952472260076,-21087.43872296308,-10451631.92970274,-7967306.27807739,6804830.988671385,0,10,32687.513749296995
Road,109,10,-37367.98541001288,-28489.49997464486,24321.489246908033,-79895.03107440658,-9334.291730010882,-53768.64239060329,-21092.576126256972,-10451358.419362979,-7968157.024158484,6802416.523744591,0,10,32676.066264346315
