ID_edge,run,case,scenario,flow,capacity,flow_cap,ffs,length_m,length_m_geom,fftt_min,link_tt_min,delay_min
178,2iter_xscen_xdev_test,dev109,scenario_44,3379.252793978973,1000.0,3.379252793978973,80.0,6719.55714161299,6719.55714161299,5.039667856209742,19.427099941182476,14.38743208497273
129,2iter_xscen_xdev_test,dev109,scenario_44,3371.714022874459,729.0,4.625122116425869,96.0,3327.5142290398862,3327.5142290398862,2.079696393149929,13.201785110105536,11.122088716955608
174,2iter_xscen_xdev_test,dev109,scenario_44,3371.714022874459,2200.0,1.532597283124754,100.0,6978.5477473254405,6978.5477473254405,4.187128648395264,6.645867569432281,2.4587389210370167
68,2iter_xscen_xdev_test,dev109,scenario_44,3371.714022874459,2335.0,1.443988874892702,119.0,8865.80644588534,8865.80644588534,4.470154510530423,6.800338628791213,2.3301841182607896
61,2iter_xscen_xdev_test,dev109,scenario_44,3371.714022874459,2333.0,1.445226756482837,120.0,8361.831024084971,8361.831024084971,4.1809155120424855,6.3640645597004735,2.183149047657988
175,2iter_xscen_xdev_test,dev109,scenario_44,3371.714022874459,2200.0,1.532597283124754,100.0,5286.2980122217705,5286.2980122217705,3.1717788073330624,5.034290484756446,1.862511677423384
176,2iter_xscen_xdev_test,dev109,scenario_44,3371.714022874459,2200.0,1.532597283124754,100.0,4439.9389635413945,4439.9389635413945,2.663963378124837,4.228278925134147,1.5643155470093095
32,2iter_xscen_xdev_test,dev109,scenario_44,3371.714022874459,2391.0,1.4101689765263317,86.0,4235.803391000821,4235.803391000821,2.9552116681401075,4.424377818381124,1.469166150241017
98,2iter_xscen_xdev_test,dev109,scenario_44,3379.259698928352,1536.0,2.2000388664898125,108.0,2007.6948653871616,2007.6948653871616,1.115386036326201,2.4650508269561504,1.3496647906299497
63,2iter_xscen_xdev_test,dev109,scenario_44,3371.714022874459,2333.0,1.445226756482837,119.0,5114.75070314698,5114.75070314698,2.578865900746377,3.925472551618804,1.3466066508724277
67,2iter_xscen_xdev_test,dev109,scenario_44,3371.714022874459,2333.0,1.445226756482837,120.0,4872.77147040362,4872.77147040362,2.4363857352018097,3.708593504579783,1.2722077693779732
92,2iter_xscen_xdev_test,dev109,scenario_44,3376.0354519767047,2166.0,1.5586497931563734,97.0,2550.193392452562,2550.193392452562,1.577439211826327,2.535492649251477,0.95805343742515
34,2iter_xscen_xdev_test,dev109,scenario_44,3371.714022874459,2391.0,1.4101689765263317,100.0,3201.231578453541,3201.231578453541,1.9207389470721248,2.875623050607057,0.9548841035349322
126,2iter_xscen_xdev_test,dev109,scenario_44,3374.4454610939474,1811.0,1.8633050585830744,106.0,1897.1851262924465,1897.1851262924465,1.0738783733730828,2.005979495877141,0.9321011225040584
60,2iter_xscen_xdev_test,dev109,scenario_44,3371.714022874459,2338.0,1.442136023470684,118.0,3341.26037136498,3341.26037136498,1.6989459515415155,2.582294342389851,0.8833483908483353
131,2iter_xscen_xdev_test,dev109,scenario_44,3371.714022874459,2339.0,1.4415194625371777,118.0,3113.508108488663,3113.508108488663,1.583139716180676,2.40557223429638,0.822432518115704
94,2iter_xscen_xdev_test,dev109,scenario_44,3378.3554652230778,2333.0,1.4480734955949754,120.0,3121.847228370543,3121.847228370543,1.5609236141852714,2.379205370693372,0.8182817565081
124,8iter_5scen_4dev_test_1547628,status_quo,scenario_44,1091.0285746218128,729.0,1.4966098417308815,79.0,1877.417300305622,1877.417300305622,1.425886557194143,2.2243263567790783,0.7984397995849353
66,2iter_xscen_xdev_test,dev109,scenario_44,3371.714022874459,2333.0,1.445226756482837,120.0,3047.1705599093475,3047.1705599093475,1.523585279954674,2.319155949435587,0.795570669480913
64,2iter_xscen_xdev_test,dev109,scenario_44,3371.714022874459,2335.0,1.443988874892702,118.0,2948.5542693597213,2948.5542693597213,1.499264882725282,2.280795635311737,0.7815307525864548
65,2iter_xscen_xdev_test,dev109,scenario_44,3371.714022874459,2333.0,1.445226756482837,120.0,2912.9705151237267,2912.9705151237267,1.4564852575618634,2.2170183020147767,0.7605330444529133
29,2iter_xscen_xdev_test,dev109,scenario_44,3371.714022874459,2391.0,1.4101689765263317,98.0,2447.233413479223,2447.233413479223,1.4983061715178918,2.243180298005313,0.7448741264874212
128,2iter_xscen_xdev_test,dev109,scenario_44,3372.429585008076,1934.0,1.7437588340269263,115.0,1875.2605068342427,1875.2605068342427,0.9783967861743876,1.722148308615626,0.7437515224412384
130,2iter_xscen_xdev_test,dev109,scenario_44,3371.714022874459,729.0,4.625122116425869,100.0,225.05482885543543,225.05482885543543,0.1350328973132612,0.8571805476012606,0.7221476502879993
96,2iter_xscen_xdev_test,dev109,scenario_44,3378.8314285636848,2333.0,1.448277509028583,120.0,2437.745041650941,2437.745041650941,1.2188725208254705,1.8580211584139656,0.6391486375884954
35,2iter_xscen_xdev_test,dev109,scenario_44,3372.947934869251,2391.0,1.410685041768821,87.0,1834.4909824602885,1834.4909824602885,1.2651661948001989,1.894596588840766,0.6294303940405672
86,5iter_5scen_4dev_test_1542375,dev109,scenario_44,945.727683001916,729.0,1.2972944897145624,99.0,2224.3324582106734,2224.3324582106734,1.3480802777034384,1.9152759526608956,0.5671956749574569
30,2iter_xscen_xdev_test,dev109,scenario_44,3371.714022874459,2608.0,1.292835131470268,99.0,2208.921363389983,2208.921363389983,1.3387402202363534,1.8981404109699105,0.5594001907335568
62,2iter_xscen_xdev_test,dev109,scenario_44,3371.714022874459,2333.0,1.445226756482837,120.0,2086.0938139797604,2086.0938139797604,1.0430469069898802,1.5876948088904694,0.5446479019005892
179,5iter_5scen_4dev_test_1542375,dev28,scenario_44,1116.7635200114926,2200.0,0.5076197818234057,120.0,16547.785709542954,16547.785709542954,8.273892854771477,8.806892570569063,0.5329997157975868
132,2iter_xscen_xdev_test,dev109,scenario_44,3371.714022874459,2343.0,1.439058481807281,113.0,1886.9484527400857,1886.9484527400857,1.001919532428364,1.5206356457422063,0.5187161133138423
95,2iter_xscen_xdev_test,dev109,scenario_44,3378.6137221923127,2333.0,1.4481841929671293,119.0,1906.501637835958,1906.501637835958,0.9612613300013236,1.4652596467547163,0.503998316753393
59,2iter_xscen_xdev_test,dev109,scenario_44,3371.714022874459,2391.0,1.4101689765263317,100.0,1517.319045671118,1517.319045671118,0.9103914274026708,1.3629871866267085,0.4525957592240376
97,2iter_xscen_xdev_test,dev109,scenario_44,3379.060966717147,2333.0,1.4483758965782885,120.0,1687.4477039097997,1687.4477039097997,0.8437238519548999,1.286213294287479,0.4424894423325792
83,2iter_xscen_xdev_test,dev109,scenario_44,3377.8733094307304,3262.0,1.0355221672074588,80.0,2095.9886952448405,2095.9886952448405,1.5719915214336304,1.993405568928663,0.4214140474950325
84,2iter_xscen_xdev_test,dev109,scenario_44,3377.4267629903748,3021.0,1.1179830397187602,80.0,1676.4231695514936,1676.4231695514936,1.25731737716362,1.650193248216417,0.3928758710527968
127,2iter_xscen_xdev_test,dev109,scenario_44,3373.5387660755105,2333.0,1.446008901018221,119.0,1483.4622208121002,1483.4622208121002,0.7479641449472775,1.1389515079617532,0.3909873630144757
33,2iter_xscen_xdev_test,dev109,scenario_44,3371.714022874459,2391.0,1.4101689765263317,100.0,1142.2004966082045,1142.2004966082045,0.6853202979649226,1.0260232650985164,0.3407029671335938
88,5iter_5scen_4dev_test_1542375,dev109,scenario_44,1203.24792011769,1404.0,0.8570141881180128,100.0,2951.1891622424446,2951.1891622424446,1.7707134973454668,2.0958489520325,0.3251354546870333
91,5iter_5scen_4dev_test_1542375,dev109,scenario_44,1753.3233044749632,2391.0,0.7333012565767307,100.0,4008.729740907578,4008.729740907578,2.4052378445445464,2.7285804217791885,0.3233425772346421
82,2iter_xscen_xdev_test,dev109,scenario_44,3376.628478328661,3013.0,1.12068651786547,80.0,1362.7606945394907,1362.7606945394907,1.022070520904618,1.3429848917040257,0.3209143707994075
87,5iter_5scen_4dev_test_1542375,dev109,scenario_44,1145.6984961491648,729.0,1.5716028753760836,100.0,794.1532861069165,794.1532861069165,0.4764919716641499,0.7707180923947137,0.2942261207305637
85,5iter_5scen_4dev_test_1542375,dev109,scenario_44,945.727683001916,729.0,1.2972944897145624,100.0,910.3365754780752,910.3365754780752,0.5462019452868451,0.7760127259532774,0.2298107806664323
93,2iter_xscen_xdev_test,dev109,scenario_44,3378.2985021094805,3061.0,1.1036584456417773,87.0,970.6857419960515,970.6857419960515,0.6694384427558976,0.8732928189524968,0.2038543761965991
31,2iter_xscen_xdev_test,dev109,scenario_44,3371.714022874459,2746.0,1.2278638102237651,99.0,782.2308016477537,782.2308016477537,0.4740792737259113,0.652765623045123,0.1786863493192116
89,5iter_5scen_4dev_test_1542375,dev109,scenario_44,1482.125736412747,2391.0,0.6198769286544321,100.0,2140.272239606062,2140.272239606062,1.2841633437636373,1.4075224524116854,0.1233591086480481
90,5iter_5scen_4dev_test_1542375,dev109,scenario_44,1666.7939092519282,2391.0,0.6971116308038178,99.0,1395.0130328637335,1395.0130328637335,0.8454624441598385,0.9481786542362748,0.1027162100764363
81,2iter_xscen_xdev_test,dev109,scenario_44,3376.1184866645613,2391.0,1.4120110776514267,80.0,269.29106997647665,269.29106997647665,0.2019683024823575,0.3026381548627745,0.100669852380417
103,5iter_5scen_4dev_test_1542375,dev109,scenario_44,926.5679178269904,3293.0,0.2813750130054632,106.0,6088.671354567422,6088.671354567422,3.4464177478683524,3.514632606419857,0.0682148585515047
77,5iter_5scen_4dev_test_1542375,dev109,scenario_44,841.6310040083238,2391.0,0.3519995834413734,93.0,1011.8689371854967,1011.8689371854967,0.6528186691519334,0.6730403323866563,0.0202216632347228
76,5iter_5scen_4dev_test_1542375,dev109,scenario_44,962.9508259599276,2391.0,0.4027397850104255,79.0,550.4281597313835,550.4281597313835,0.4180467035934558,0.4349984278643597,0.0169517242709039
78,5iter_5scen_4dev_test_1542375,dev109,scenario_44,685.3426980162639,2391.0,0.2866343362677808,100.0,1190.0072044742778,1190.0072044742778,0.7140043226845667,0.7286698362985787,0.014665513614012
73,5iter_5scen_4dev_test_1542375,dev109,scenario_44,545.4249668358591,2881.0,0.1893179336466015,79.0,1949.3522223086493,1949.3522223086495,1.4805206751711264,1.4937866141873568,0.0132659390162304
79,5iter_5scen_4dev_test_1542375,dev109,scenario_44,651.3693695388012,2391.0,0.2724254995979929,99.0,656.5663213618884,656.5663213618884,0.3979189826435687,0.4053019369112752,0.0073829542677064
74,5iter_5scen_4dev_test_1542375,dev109,scenario_44,258.23969134438903,1289.0,0.2003411104300923,80.0,802.4785240978157,802.4785240978157,0.6018588930733618,0.607898029546205,0.0060391364728431
102,5iter_5scen_4dev_test_1542375,dev109,scenario_44,281.4333360727909,3324.0,0.0846670686139563,119.0,5030.979565723924,5030.979565723924,2.536628352465844,2.541174315483841,0.0045459630179971
99,5iter_5scen_4dev_test_1542375,dev109,scenario_44,16.446483508411166,729.0,0.0225603340307423,100.0,426.5896754365461,426.5896754365461,0.2559538052619277,0.2559863733789901,3.2568117062425905e-05
80,5iter_5scen_4dev_test_1542375,dev109,scenario_44,51.41011278351132,2391.0,0.0215015109926856,100.0,381.9039017049991,381.9039017049991,0.2291423410229994,0.229168825006913,2.6483983913555557e-05
