mode,development,scenarios,mean_bcr_integrated,std_bcr_integrated,min_bcr_integrated,max_bcr_integrated,mean_nb_integrated,std_nb_integrated,viable_scenarios_integrated
Rail,100001,3,7.013894940615512,0.589721507771045,6.446685046534579,7.623806735224762,9331933.491880884,915087.7997692213,3
Rail,100000,3,2.875950769982261,0.24130573243601383,2.643376227586942,3.1251299829171346,2241431.8738044524,288317.99249130866,3
Rail,101016,3,1.927424770597834,0.1644925698844379,1.769779872593326,2.0980016208408343,2962853.0654623886,525506.0360461664,3
Rail,100002,3,1.43176425110852,0.1227848914421583,1.3149068396031132,1.559722724577322,1218182.2388153973,346426.026623774,3
Rail,101012,3,1.328845998039492,0.1149075064065691,1.2192914395933137,1.4484467612118637,2069276.424441571,723060.0202406208,3
Rail,100005,3,1.3256060023431242,0.11349010940931603,1.2175198669649923,1.4438210688946507,1015293.3106386653,353880.91152417974,3
Rail,101007,3,1.2164123209376454,0.10413201611570003,1.1172327156285151,1.3248751326741681,1500304.5872841605,721907.7951968688,3
Rail,101010,3,0.990996250673103,0.084940684065985,0.9101362053358033,1.0795007947708306,-46175.701793841705,435618.04701503983,1
Rail,101011,3,0.9095347955015174,0.10627249640544413,0.803424724774073,1.0159689762303323,-722029.7098753533,848192.4091448815,1
Rail,101001,3,0.7535286047801786,0.06571672704650194,0.6909455019787483,0.8219847178830536,-3282620.6037565544,875245.9165571536,0
Rail,101008,3,0.7235637673147738,0.06270931320951453,0.6637181630147936,0.7887900494304363,-1766100.5182370634,400638.32979421434,0
Rail,101013,3,0.7013941576821358,0.060513376272260125,0.6439791354614701,0.764590871819191,-1536708.0210796252,311418.52409305086,0
Rail,101027,3,0.668387763782705,0.07768641156478194,0.5908530157445775,0.7462249557794706,-3695584.4447154314,865760.2548672049,0
Rail,101014,3,0.6033813725350595,0.05169504255443673,0.5540222497963683,0.6571321426263543,-2444826.01544713,318657.209104243,0
Rail,101015,3,0.5353566049017061,0.056355516995005295,0.47960086357110593,0.5922933344104077,-2119834.2649931074,257109.76892750454,0
Rail,101031,3,0.5348020928391891,0.04577398481478731,0.49119796671254856,0.5824743670414506,-5532517.472806033,544382.0079358752,0
Rail,100004,3,0.5162751960823059,0.04318645450268408,0.4746312857898925,0.5608544323056996,-1301045.7206122929,116156.02789865392,0
Rail,100003,3,0.49008563769656427,0.04159941471951028,0.45028268662398396,0.5332745587656118,-1308469.2616057103,106746.46467180045,0
Rail,101023,3,0.4425106475889868,0.03839546853126093,0.4058871930473164,0.4824615508332897,-11262907.769147128,775700.2334673464,0
Rail,101006,3,0.42936555348394895,0.04679450085422988,0.3829213706877855,0.47650267621159276,-3892334.5540312254,319188.3240235468,0
Rail,101000,3,0.41551465820550443,0.03585739506866687,0.3813220840591058,0.4528323123453174,-6286022.658112734,385639.0943364152,0
Rail,101026,3,0.4027376989077343,0.034530472179017634,0.36986134288402794,0.4387133388800825,-7653041.228892452,442457.40398458875,0
Rail,101002,3,0.33761112644433,0.028743716632725163,0.31005284032070873,0.3674092237575538,-8514697.261429278,369486.9510446194,0
Rail,101003,3,0.3364970432548952,0.028813892511657,0.30905334788674516,0.3665091668751985,-8201352.9759410275,356159.53281984536,0
Rail,101029,3,0.24490238138543727,0.021350210733405414,0.224465156864012,0.267061319804026,-13007070.355981587,367771.90958960017,0
Rail,101030,3,0.22216806772861844,0.019388937039080675,0.2037019816058063,0.24236394012300685,-14629211.418712968,364660.85713470436,0
Rail,101024,3,0.2207160363033772,0.01927999818647418,0.20231466176458715,0.24076846957896056,-15840962.366942199,391915.8354778487,0
Rail,101028,3,0.2029518613012898,0.017374375140813064,0.18640214908400324,0.22104757178607826,-12183718.171464564,265585.5773862912,0
Rail,101017,3,0.1591614625571133,0.014011457619808288,0.14577279142920163,0.1737220906851143,-11316984.778233154,188582.5227355254,0
Rail,101020,3,0.132640564231543,0.011474774231723757,0.12171851242300655,0.14459789923311916,-14187240.176911807,187690.7903320042,0
Rail,101025,3,0.10649167991774527,0.009056941510486995,0.09783287720170797,0.11590016004734655,-11899772.792321071,120620.6408444133,0
Rail,101021,3,0.10108012346921229,0.008577306710700162,0.09287129741868737,0.10998365845204049,-16860993.502383787,160884.0971179868,0
Rail,101004,3,0.08654313618500703,0.010150890634813298,0.07640462892477534,0.09670636503891543,-10913351.562292898,121275.8287298194,0
Rail,101022,3,0.08150541326472571,0.006817871481247603,0.07493082569298416,0.08854296973885388,-17581400.229565438,130504.55490610618,0
Rail,101032,3,0.05445889719740174,0.005871651928396948,0.048636963651461855,0.06037903556870942,-9013558.314223625,55972.68791442364,0
Rail,101009,3,0.018355632246625186,0.0015379822299371362,0.01687370630713713,0.01994412750012408,-7469463.137331851,11702.712254824382,0
Rail,101018,3,0.016358794155609615,0.0013894196207158316,0.015029559150400969,0.017801446109974337,-12299048.688978372,17372.736586341543,0
Rail,101005,3,0.013427038182792853,0.0011231109806437752,0.012344025832988818,0.014586356191890025,-7820809.854458012,8903.180773259726,0
Rail,101019,3,0.007574281270218079,0.0007491365595131528,0.006837672182103138,0.00833534639437373,-16552456.678313391,12494.688734339377,0
Road,334,3,70.03869734043461,49.63609266693284,29.791227185455018,125.50146968315511,81549264.54320264,346396102.71065784,1
Road,0,3,49.37438213126421,35.2902520376307,20.801245818543435,88.82210685524895,-11230335.25228999,243694823.16574922,1
Road,669,3,48.99595674170846,35.549273221861355,20.352001293161866,88.78151019286678,109585599.55153678,234339392.67081624,2
Road,557,3,47.99025366602399,32.87792086280864,21.25678624182614,84.70112946710579,1617192001.5545814,1871787915.7569628,3
Road,254,3,47.22865665286653,31.950515395638945,21.254204250922758,82.90577709910384,2286192319.741135,1853566787.6229641,3
Road,9,3,39.85747780137621,26.838351282662117,18.036712924203,69.82534603171705,1202754545.676402,1591955099.103988,2
Road,423,3,34.476039084099845,25.26197951088716,14.009662437012395,62.709593487619486,-300565376.23383194,250152262.6572411,0
Road,938,3,31.811709843472453,24.373136006524103,11.753074988816602,58.93746358420238,-698550678.9618691,227550371.01366362,0
Road,673,3,28.817607729106356,20.71126244385391,12.132724821094042,51.99808826439386,40339404.55167837,112537367.87149629,2
Road,15,3,28.110585881968035,20.114780160576515,11.849053454518383,50.60367444417032,-11229182.683527937,173128137.20141828,1
Road,152,3,24.367453474697736,16.48947163833554,10.960319791138183,42.77953216490831,1381684722.1504152,1637999117.3987074,3
Road,57,3,23.526153016159572,13.098090137963755,13.061219147337468,38.21503759168126,-166663264.75346896,82913761.97309084,0
Road,813,3,22.603565593028446,17.486635522782418,8.243151380706285,42.07670968123485,-640811706.5710659,290987171.8511431,0
Road,761,3,22.253076967083032,16.670612050112364,8.79015154833544,40.89972056061807,-73771388.10048272,145262255.68691662,1
Road,767,3,22.157800576175976,16.155209944700594,9.271495046341586,40.28205584476005,-42541400.54788789,109900812.88409325,1
Road,540,3,18.259020575648453,13.919008964103368,6.709271766039594,33.71332096389808,-1893775657.7757032,116917346.00822996,0
Road,770,3,12.997048852533053,9.844657414200677,5.1434150613417415,24.041281487592705,-148465482.88234028,63471255.66581707,0
Road,694,3,12.287019945695482,10.633787843566235,3.4218117116279076,24.077171624719092,-579158589.2201663,117419902.48751052,0
Road,569,3,11.826164227550962,9.232006785589643,4.105921286719414,22.052472625011738,-1646126043.2777555,78542171.51444413,0
Road,62,3,10.202611988538697,7.758113536182505,4.102464402179399,18.934188682252177,-41527035.41996278,48990189.4195573,1
Road,176,3,7.417098107967466,5.895291834528488,2.604556048841127,13.992786963931978,-1091497803.9682796,198969025.69956577,0
Road,209,3,7.291237087391487,8.038641949073183,0.5475381294151173,16.186822408954008,-636543848.9467121,92652196.48046649,0
Road,206,3,6.673141298043301,5.758764070572914,1.06443835565441,12.571067093308557,-1080670762.9393072,36965537.88230807,0
Road,837,3,6.403921819805885,5.526285248628388,0.9757540248950117,12.023358439724989,-1143797710.3095467,34887949.31364339,0
Road,958,3,6.383317619483759,6.153432190911815,1.4369502902784306,13.274058913770205,-566738982.9342406,43877750.29168938,0
Road,780,3,5.943174292803384,5.700962088890395,1.328624587592627,12.316210698005031,-549446548.926097,45403987.66996106,0
Road,90,3,5.499227966296618,4.9202553219326255,0.5516567382078625,10.391704680967027,-1013299102.452375,30335616.08126968,0
Road,104,3,5.233335768980393,4.688622773516039,0.39166446636186797,9.752229512999056,-901887273.0025969,26197112.48498995,0
Road,863,3,4.38774857532864,6.06091780533628,-0.7532651105528622,11.070700962495682,-680377713.2344091,71707960.76040326,0
Road,392,3,4.1507050815532365,2.8855703409725537,2.1354793881659146,7.456287737934168,-176258944.62261024,16149791.0407452,0
Road,550,3,3.8370455944201507,4.137960661387606,0.4989786355471915,8.466771588919928,-993108831.4788901,45259580.40360219,0
Road,177,3,3.227315366350487,2.9153049420391293,0.9395825579321495,6.509805592797342,-305108997.35469323,17492169.43806118,0
Road,267,3,2.32858741924824,2.7693958951819835,-0.5642928067544611,4.955276075037397,-452535989.3380044,17798366.11927683,0
Road,12,3,2.2821861060242035,3.5002302677110935,-0.6961671129258239,6.137513810501051,-865627832.2281936,52007510.64986109,0
Road,28,3,2.2762741133218025,2.3212958520361346,0.36518112621039084,4.859459119766765,-1047180240.2431217,248524130.21251562,0
Road,94,3,2.1469897474878006,1.8907904144177945,0.9299325703478428,4.32528496264063,-70927357.84416796,10114990.759573884,0
Road,680,3,1.9250103114140433,3.1643659810917484,-0.773655036649231,5.407677480236087,-827349886.5829021,57545597.27887867,0
Road,964,3,1.9207261270734692,1.8141355500340208,0.11301688355757983,3.7412204065364727,-661249879.6963863,12326358.111560544,0
Road,538,3,1.8004510050951243,1.853832239880819,0.3200323693456113,3.879676555438964,-537940841.1273541,42161241.88253778,0
Road,17,3,1.2634755921874754,1.3050491266986624,0.17836197830257391,2.71159827570555,-1134913793.1129198,134886720.25194743,0
Road,627,3,1.2487555771283383,0.8287514726948602,0.7010814833418431,2.2022019373334736,-377657714.4349324,6331111.489431773,0
Road,233,3,1.1904434861393938,2.30713070387432,-1.4292994593104231,2.9193164619452032,-886496107.8900448,14245191.16724658,0
Road,602,3,0.9481174879212216,1.8483847243064142,-0.5894391773690145,2.998873088233546,-889735867.9629389,57088841.2345976,0
Road,227,3,0.8230567517385086,0.5091306463320961,0.4938480990775593,1.4094788850596434,-159537272.5481331,3720743.8987155994,0
Road,565,3,0.6682163282542307,2.0367984777312773,-1.0302747582245715,2.9263245549204067,-902575648.6340731,59384623.14690829,0
Road,273,3,0.5222849467534793,0.7050407810075521,0.08592286733062862,1.3356748612433837,-423057606.6884994,4509131.787053309,0
Road,493,3,0.31480402837290783,0.6497482259195412,-0.23036826387457654,1.033779170675777,-96637890.79906093,3673623.1670314064,0
Road,240,3,0.2146490112407413,0.41349632778858975,-0.055739184036306996,0.6906463966946332,-288332363.3018554,3424728.7684662067,0
Road,308,3,0.1561024485862262,0.6166660763022662,-0.38548917121152393,0.8272555210465157,-1029039308.9150814,34398706.68122468,0
Road,858,3,0.12476571105023039,1.4723355867915908,-1.1079943573205946,1.755048620517939,-1051821699.2968906,45951358.08749432,0
Road,764,3,-0.011815138441801659,0.5227424558965397,-0.4778694355922252,0.5534088181816879,-1029374131.0855803,28403912.515072525,0
Road,250,3,-0.10456160754921441,0.1343200778404718,-0.2428578272740493,0.02539357442192692,-460454887.12380856,9084791.707085732,0
Road,143,3,-0.11026721951056284,0.11722961942055027,-0.24182988577124956,-0.0168954477415999,-161665253.69781336,2182835.0436530598,0
Road,594,3,-0.1503503840418206,0.5862604894778228,-0.6654158214468214,0.4876190020783629,-853228812.2140723,37708546.65609498,0
Road,755,3,-0.2283961641138478,0.23452850565443542,-0.48004693786333236,-0.01592473856469845,-487625395.0672888,16213173.257331837,0
Road,464,3,-0.309264116118176,0.5080147045561357,-0.8578603734036852,0.1449243955763316,-170286014.51174203,2966278.747140778,0
Road,270,3,-0.3874748297917894,0.6371109984280535,-1.1230763129767674,-0.010827180827983677,-340427824.6578607,12253276.255669735,0
Road,648,3,-0.39287495147307366,0.2638531314408284,-0.6325819907772577,-0.11015990643162567,-969053410.3863007,12425475.720553486,0
Road,459,3,-0.5576866867062266,0.11625610524008514,-0.6853193050250311,-0.4578437476543612,-1144425163.6343005,6580029.058375565,0
Road,811,3,-0.6532962945320029,0.47320622441619925,-1.102950932332894,-0.15961555673132027,-241202646.80596444,2807881.6830484862,0
Road,810,3,-1.1231862949346951,2.0113548222390674,-2.9183402312042483,1.050562675622285,-838171453.0847977,32195195.854042713,0
Road,533,3,-1.2112496826792174,0.7492827207191775,-2.0187293251705456,-0.5384242509117522,-1256824788.0425248,9590121.116446735,0
Road,140,3,-1.3882177138838758,0.7738603191175237,-2.212846861288617,-0.6778261862877619,-553896937.456378,4909561.605917607,0
Road,736,3,-1.6655974398737226,1.1356354981411114,-2.5626359019860474,-0.3887307679712828,-740220795.3850106,8270391.399449464,0
Road,987,3,-1.6961365105286204,1.2369695085499295,-2.8184107702285917,-0.3698399661816195,-272113253.4359943,9163251.681468615,0
Road,284,3,-2.5099871050112954,0.9291786050132033,-3.3289317554409785,-1.5002064218138786,-1077454737.795884,7026047.422051976,0
Road,558,3,-2.923675955882987,1.825756321045203,-4.970582488561501,-1.4631684838723602,-1527962143.355644,166836066.32064977,0
Road,682,3,-3.0252294285976187,1.8866577726485918,-5.140670082586824,-1.5167756097448686,-1525757604.620866,166768965.8344997,0
Road,255,3,-3.640820241660206,3.8371987991977745,-8.028948248816086,-0.9153956550734514,-326863602.21322346,24276007.182819758,0
Road,952,3,-4.414762640247612,2.836498778446423,-7.592619431810882,-2.139070107833574,-1522728490.9812317,214472292.6379433,0
Road,564,3,-4.917230863494425,3.6323207604701087,-8.98305321913898,-1.9923720772343727,-1000329850.2618777,320656132.9735122,0
Road,289,3,-5.696563856861348,4.130333586124186,-10.321779326473077,-2.376388790601283,-1014184710.4040365,323583192.3891149,0
Road,358,3,-6.261894834019375,4.753664838476665,-11.582815216855813,-2.433879887479937,-954850742.491706,321557147.84447104,0
Road,277,3,-6.841364689960095,5.415522884782026,-12.906816556500274,-2.491213860686053,-726122361.5834001,234696985.55271092,0
Road,822,3,-7.0759504837093745,4.20375174986994,-11.830920136863304,-3.853346450911488,-314879282.37010187,42795958.580570444,0
Road,197,3,-7.134958381384724,4.339598335942281,-12.073984523667622,-3.9328954541258945,-412417308.1423914,29024912.861763887,0
Road,895,3,-7.206599473641212,5.020388325044083,-12.825334549966492,-3.1616506792299623,-1107903647.1557698,346347301.0219272,0
Road,866,3,-7.343136716444967,4.482373874095904,-12.436192188541732,-3.9983201756483098,-719112049.6378169,32089975.032883488,0
Road,486,3,-9.116046991874406,5.767917113068931,-15.574530064800193,-4.477953042707564,-1385640264.7176309,446851347.9400713,0
Road,625,3,-9.257291149811842,4.581818315596808,-14.54257232437022,-6.408710628249671,-825396604.5706896,36874952.66951903,0
Road,331,3,-9.76310549271036,6.2508435815819245,-16.76018739868098,-4.730394053026173,-1346846730.1646335,502036495.4959548,0
Road,243,3,-10.121774856103603,5.269721468708679,-16.050516589480434,-5.971031176191594,-889691237.5445462,112903237.15133637,0
Road,878,3,-10.469415487330698,5.538195097766397,-16.775207638941257,-6.3949208294742395,-1222138353.546452,67327554.59510797,0
Road,556,3,-10.795156441748134,7.20948285014405,-19.043149385402515,-5.6941224744317305,-725448160.911778,51254725.25770667,0
Road,791,3,-11.15024914392346,5.961951696866477,-17.881619535889783,-6.5350210233521,-655365665.3973395,60840607.705129415,0
Road,670,3,-11.46955619639128,8.772086840402869,-21.173254470422116,-4.102118183884193,-359401279.72619206,65409699.31673163,0
Road,809,3,-11.783079387543674,6.360093520932987,-18.960248590762077,-6.8465440204041546,-747435524.2063675,65229281.35013638,0
Road,629,3,-12.90264351244174,8.86315992885348,-22.78043887250073,-5.644807919696203,-907831554.761232,155808917.5347597,0
Road,759,3,-13.291872574570016,8.748184728387033,-23.072334438407985,-6.213569354198822,-1793349378.9329956,853600280.9982704,0
Road,394,3,-14.152068803290161,10.597284720591343,-25.907460892006515,-5.33149813032691,-405856101.41498214,106039672.16262677,0
Road,940,3,-14.30763922581054,9.278070636628271,-24.784211894915796,-7.129336507311288,-522595264.8021889,58112527.936704114,0
Road,63,3,-14.492288113564326,9.19697175861239,-24.79011883809407,-7.096085207300625,-1367579061.9305084,454413949.74980354,0
Road,285,3,-14.601010909020937,9.191145562729275,-24.893280845822915,-7.21232350727983,-1271498632.9478428,434349157.6162718,0
Road,614,3,-16.014995369808258,10.3529142912643,-27.698969282701597,-7.98294002986633,-489070601.6326399,61556075.34056483,0
Road,873,3,-16.82207517153906,10.613982300043608,-28.70627080676224,-8.285552399636886,-1313506410.557564,438747223.9127556,0
Road,109,3,-17.468613309047306,11.51194798200655,-30.3409649905339,-8.159830989594893,-1905334810.3479538,868354136.1016383,0
Road,935,3,-17.54010388036048,11.29803246262977,-30.27583661505645,-8.723488585614826,-1056750358.9517885,70065611.42439614,0
Road,971,3,-19.04159536735207,14.219572372888834,-34.88796567855399,-7.394749454107216,-710232744.4256003,232756890.9052045,0
Road,612,3,-19.196371635493747,12.661633869714422,-33.353092601029935,-8.95456194677015,-1878542038.620917,869019440.8059535,0
Road,521,3,-19.831605946403318,12.876053130537088,-34.22790941642136,-9.415911823208285,-1591071452.3389046,760149797.4208746,0
Road,628,3,-19.999383194685166,13.920863041641425,-35.75873042445869,-9.376962965050643,-1012716899.9509382,112094864.1710511,0
Road,726,3,-20.406138639334223,13.986193879616492,-36.27622347205204,-9.879007337543952,-784187291.1355586,103874892.65181346,0
Road,831,3,-21.029444777114964,14.611457257433225,-37.566817081720664,-9.865733386589952,-1045433995.9588823,117552232.31704132,0
Road,245,3,-22.117799624646526,14.908786311151827,-38.678413212634595,-9.765458024367458,-1360687410.4930983,157913279.2437767,0
Road,348,3,-22.31991806310187,14.870244052075819,-38.972117046999635,-10.367200322866864,-1146172318.999357,342099877.2440223,0
Road,546,3,-22.38679704940885,14.0651088788583,-38.29122550214388,-11.586047327736265,-473705534.2689085,87699038.49218158,0
Road,678,3,-22.444791552143666,14.468792779709014,-38.48276058796251,-10.371966089309709,-1147767526.624697,122223438.19397552,0
Road,150,3,-22.636236119448515,15.76867723671627,-40.28848265225012,-9.943612361048618,-719608477.8463877,358483406.4712003,0
Road,202,3,-23.041020509276525,16.139080781503512,-41.16377088210903,-10.21874547509836,-490688892.1404839,137979055.62674332,0
Road,776,3,-25.303748993121918,17.566996663723433,-45.13853938634773,-11.707333638115207,-996645922.3940926,170614496.27098927,0
Road,390,3,-26.27889250000182,17.99317915156237,-46.41245841860541,-11.76979724515486,-661487981.0237478,305555805.0116062,0
Road,356,3,-27.161424247287552,18.401527579411265,-47.79601937225965,-12.453644902901978,-926339726.1453695,249333948.9258315,0
Road,144,3,-28.743391615713886,18.88658126926976,-49.72450773275615,-13.100404333697945,-1480554684.030905,138483881.51295778,0
Road,114,3,-29.275351940354387,21.389470802548423,-53.037848136165216,-11.561669348935265,-523969322.001071,148528458.76942915,0
Road,499,3,-29.521049230895574,20.11584621422757,-51.87575951515239,-12.8804107358135,-1182509080.8377457,135946911.41734332,0
Road,195,3,-32.50951236199274,22.11201064219398,-57.274127866599756,-14.74423342063079,-742127157.3374602,356672162.52118665,0
Road,789,3,-33.23925486824857,22.882984050857935,-58.85612208783234,-14.821628405426955,-1278790788.84843,258278288.96811187,0
Road,126,3,-33.46897687716122,21.19548661303336,-57.19630931359172,-16.40829956105411,-1305079971.307536,481565414.6888196,0
Road,27,3,-34.79254920424406,25.012664329350347,-62.596333335784436,-14.119721617603597,-1250981349.2139647,169824696.20316467,0
Road,103,3,-36.0186031934659,26.714555817831144,-65.92549561351603,-14.519102303278379,-941889814.9881601,326723086.8873199,0
Road,970,3,-36.40004847808018,21.52624840467048,-60.596242098283554,-19.373713534547797,-446279189.13392144,130322163.18461308,0
Road,25,3,-36.42155596728002,26.489603671396658,-65.8790985360762,-14.559132601139922,-1349100496.0261345,184252906.39064726,0
Road,552,3,-37.69391213986254,25.866248227863757,-66.68056967139167,-16.964153205495972,-418147548.7638698,167134134.3912225,0
Road,750,3,-38.658210386140006,24.549792334768934,-66.12944685802015,-18.86530903730094,-1385723361.9410524,461830953.0721452,0
Road,261,3,-39.99941280239586,28.91495474137353,-72.46821965587519,-17.02653448668688,-440629541.61224943,165468391.5103447,0
Road,469,3,-40.66466117215213,31.79982377351271,-76.3106960124663,-15.209544293209431,-747174702.546949,227615511.4993728,0
Road,73,3,-40.98426586409826,27.635131618989735,-71.93837231740682,-18.792827344893563,-672281195.1444638,210279895.05961505,0
Road,775,3,-43.6420194067668,27.988465881794735,-74.9718860460152,-21.108038504575525,-1321957598.3833487,514163982.2118566,0
Road,201,3,-44.93266789240187,28.92477496562855,-77.31565073348787,-21.65955070176205,-1536582323.2614594,467218679.778388,0
Road,662,3,-46.27538575246812,30.05543740423217,-79.88346501649877,-21.974541888202033,-1504456127.4227002,715734359.7555202,0
Road,2,3,-46.99310469316547,35.78859833110274,-87.05375305385458,-18.1774455621248,-905340516.3874367,322427417.8934977,0
Road,689,3,-47.00260892799731,32.15841847760532,-82.99488738628328,-21.09566711525447,-1115701976.025784,365983225.78264815,0
Road,517,3,-56.14129703127751,41.757558651396664,-102.62120750455757,-21.792464879227204,-595717860.0207454,253366999.1821735,0
Road,351,3,-57.41141551590613,41.35059593746086,-103.76972400277491,-24.330129680719047,-1774090597.9101455,414758732.6346236,0
Road,249,3,-63.22531351385794,40.173924053827704,-108.20637147237929,-30.912743372912818,-1447317772.289653,448413283.422647,0
Road,887,3,-68.88671754073017,44.579607470117175,-118.82062656517705,-33.08948374570778,-555581501.907281,247393295.18868855,0
Road,531,3,-81.54218970152716,53.722221658176764,-141.68319944479128,-38.30463086229344,-1119872102.923702,452531700.11965203,0
Road,945,3,-116.20336804826047,78.56610879696679,-204.03710561718003,-52.625386375603114,-1362462263.7587402,616295077.2550797,0
