scenario,rank,net_benefit_mio_chf
scenario_19,1,-6062.184488115365
scenario_19,2,-5385.955724367524
scenario_19,3,-5113.366310495446
scenario_19,4,-4992.335802426899
scenario_19,5,-4881.821187071072
scenario_19,6,-4772.863133319474
scenario_19,7,-4715.521329419211
scenario_19,8,-4697.068443710911
scenario_19,9,-4578.06271171952
scenario_19,10,-4483.134326701305
scenario_19,11,-4454.3036580448725
scenario_19,12,-4382.827641594588
scenario_19,13,-4138.7223955945665
scenario_19,14,-3910.3393059777122
scenario_19,15,-3691.61891224983
scenario_19,16,-3549.1792646755407
scenario_19,17,-3355.488060978993
scenario_19,18,-3195.0789945953147
scenario_19,19,-3187.894726193261
scenario_19,20,-3153.7046246038726
scenario_19,21,-3025.043119076754
scenario_19,22,-3011.716895473594
scenario_19,23,-2979.1275098345864
scenario_19,24,-2978.2404989390047
scenario_19,25,-2923.838377889201
scenario_19,26,-2668.4686896426106
scenario_19,27,-2545.6676898579817
scenario_19,28,-2522.913704702125
scenario_19,29,-2505.062104924402
scenario_19,30,-2500.3772679771246
scenario_19,31,-2464.627511337125
scenario_19,32,-2432.701002040575
scenario_19,33,-2277.1310794900737
scenario_19,34,-2235.4788142401285
scenario_19,35,-2174.7655349856673
scenario_19,36,-2149.6828261699666
scenario_19,37,-2145.074370841808
scenario_19,38,-2100.3418008781377
scenario_19,39,-1961.8188888758941
scenario_19,40,-1914.1962265688585
scenario_19,41,-1908.678189952592
scenario_19,42,-1889.7198588686995
scenario_19,43,-1882.663989191753
scenario_19,44,-1865.1071112644065
scenario_19,45,-1853.4155806462695
scenario_19,46,-1845.193885357181
scenario_19,47,-1812.8025351322242
scenario_19,48,-1763.8437846267982
scenario_19,49,-1761.2107098805723
scenario_19,50,-1724.285460850346
scenario_19,51,-1717.5791831359647
scenario_19,52,-1679.4472212860112
scenario_19,53,-1674.2449650374238
scenario_19,54,-1644.2251930070486
scenario_19,55,-1636.3396313690248
scenario_19,56,-1634.3101918821344
scenario_19,57,-1559.2092804338165
scenario_19,58,-1544.5022668954896
scenario_19,59,-1540.8527123095912
scenario_19,60,-1516.0508903596233
scenario_19,61,-1506.3057784468556
scenario_19,62,-1500.4085884065485
scenario_19,63,-1443.1887826002583
scenario_19,64,-1441.915208129211
scenario_19,65,-1404.7731190841773
scenario_19,66,-1393.6929323314519
scenario_19,67,-1363.82132945979
scenario_19,68,-1357.521136041646
scenario_19,69,-1351.3712921581205
scenario_19,70,-1346.3704761103024
scenario_19,71,-1342.710983525097
scenario_19,72,-1326.4204228619556
scenario_19,73,-1285.2649457069178
scenario_19,74,-1214.5159632369343
scenario_19,75,-1208.0124384415358
scenario_19,76,-1177.215500191967
scenario_19,77,-1150.4030944595834
scenario_19,78,-1145.9867744820374
scenario_19,79,-1130.0679769513458
scenario_19,80,-1102.8277209648363
scenario_19,81,-1085.670537162446
scenario_19,82,-1079.5598473514412
scenario_19,83,-1050.8668825307432
scenario_19,84,-1047.1643871042984
scenario_19,85,-1035.3067577674904
scenario_19,86,-1029.9779740779727
scenario_19,87,-1010.9808360319016
scenario_19,88,-1008.0430171353582
scenario_19,89,-997.3704303578202
scenario_19,90,-974.2624622645691
scenario_19,91,-967.3561723920329
scenario_19,92,-921.4091070948481
scenario_19,93,-904.9497196333592
scenario_19,94,-899.5720258565624
scenario_19,95,-879.4408561174088
scenario_19,96,-861.9925369144228
scenario_19,97,-843.5903403906885
scenario_19,98,-836.9795722561568
scenario_19,99,-835.7839627774224
scenario_19,100,-800.8043293857718
scenario_19,101,-800.0443196278804
scenario_19,102,-797.1838183182938
scenario_19,103,-792.5119972263155
scenario_19,104,-789.1383802861325
scenario_19,105,-787.7937051832247
scenario_19,106,-775.9887148108244
scenario_19,107,-775.8850995622041
scenario_19,108,-758.4206978262218
scenario_19,109,-723.015394485787
scenario_19,110,-688.1867352283417
scenario_19,111,-681.3645533984859
scenario_19,112,-673.4072418464136
scenario_19,113,-652.0688211726443
scenario_19,114,-651.415205778102
scenario_19,115,-588.0397480600111
scenario_19,116,-580.2133384929081
scenario_19,117,-549.0558591814852
scenario_19,118,-508.12927335496425
scenario_19,119,-454.4451401462244
scenario_19,120,-445.61638536721716
scenario_19,121,-423.36026480639043
scenario_19,122,-382.37148936198577
scenario_19,123,-365.83483138841575
scenario_19,124,-329.33002615113065
scenario_19,125,-328.3555944518576
scenario_19,126,-299.0951106178116
scenario_19,127,-265.54158885889075
scenario_19,128,-256.3142644639734
scenario_19,129,-228.9627021074789
scenario_19,130,-195.65036684507518
scenario_19,131,-175.42318789156775
scenario_19,132,-60.36552763881765
scenario_19,133,-53.708190976137814
scenario_19,134,71.43235357553607
scenario_19,135,124.18861421433878
scenario_19,136,398.22426923946455
scenario_19,137,1143.099298396232
scenario_19,138,1754.6407801762218
scenario_29,1,-5147.5108692802105
scenario_29,2,-5007.931001328169
scenario_29,3,-4704.5897383266265
scenario_29,4,-4594.231783105294
scenario_29,5,-4585.330381395371
scenario_29,6,-4084.097984291153
scenario_29,7,-3929.082892917756
scenario_29,8,-3883.8273982220726
scenario_29,9,-3829.647195542991
scenario_29,10,-3806.256401272942
scenario_29,11,-3673.517287166876
scenario_29,12,-3609.9521191378976
scenario_29,13,-3579.8774763965484
scenario_29,14,-3311.80032112913
scenario_29,15,-3220.288155765915
scenario_29,16,-3206.6380411174155
scenario_29,17,-3136.002073581439
scenario_29,18,-3085.777788305209
scenario_29,19,-3067.7439683375833
scenario_29,20,-3028.54901231974
scenario_29,21,-2982.9110941845465
scenario_29,22,-2907.549496114527
scenario_29,23,-2764.289108844926
scenario_29,24,-2690.5562389228257
scenario_29,25,-2605.3342028092297
scenario_29,26,-2494.756367392801
scenario_29,27,-2430.0464436051598
scenario_29,28,-2359.714764292984
scenario_29,29,-2303.9872719196283
scenario_29,30,-2225.296584393796
scenario_29,31,-2099.808624744368
scenario_29,32,-2099.7026921198003
scenario_29,33,-2061.3191724559024
scenario_29,34,-2026.7963650639194
scenario_29,35,-2012.2456310393177
scenario_29,36,-1785.0150235312638
scenario_29,37,-1741.0451542044314
scenario_29,38,-1734.589203521545
scenario_29,39,-1715.7935140689874
scenario_29,40,-1713.6747453550588
scenario_29,41,-1686.317128992458
scenario_29,42,-1666.371521704374
scenario_29,43,-1624.0121638558228
scenario_29,44,-1610.9908701388883
scenario_29,45,-1607.720096639038
scenario_29,46,-1569.964090762176
scenario_29,47,-1544.3283921104853
scenario_29,48,-1544.1100586943992
scenario_29,49,-1502.8347359451177
scenario_29,50,-1467.9819293404391
scenario_29,51,-1460.9222481753197
scenario_29,52,-1456.429147389821
scenario_29,53,-1454.9802931243626
scenario_29,54,-1450.728804455335
scenario_29,55,-1440.731045169611
scenario_29,56,-1429.6128407435092
scenario_29,57,-1409.0021591542925
scenario_29,58,-1408.9865006836758
scenario_29,59,-1399.10207399851
scenario_29,60,-1353.2570902591247
scenario_29,61,-1351.576785282926
scenario_29,62,-1348.7313881168093
scenario_29,63,-1346.017453346485
scenario_29,64,-1307.8999030774742
scenario_29,65,-1268.9834862605642
scenario_29,66,-1241.8326000044692
scenario_29,67,-1239.084158548561
scenario_29,68,-1234.0681917348243
scenario_29,69,-1222.7135600921154
scenario_29,70,-1214.0520493868244
scenario_29,71,-1212.7428493861803
scenario_29,72,-1208.9038078229685
scenario_29,73,-1206.4088953263704
scenario_29,74,-1172.7579509891405
scenario_29,75,-1136.094737503815
scenario_29,76,-1132.625924709982
scenario_29,77,-1126.933566313826
scenario_29,78,-1109.7965831391168
scenario_29,79,-1108.444007387754
scenario_29,80,-1102.2728226692361
scenario_29,81,-1091.6317504017918
scenario_29,82,-1084.2086835264752
scenario_29,83,-1065.6753303181604
scenario_29,84,-1031.661877299122
scenario_29,85,-1030.9933132508465
scenario_29,86,-1018.4097485650084
scenario_29,87,-1012.6883273090748
scenario_29,88,-996.7672741840702
scenario_29,89,-975.6046972220732
scenario_29,90,-969.9739128817287
scenario_29,91,-958.9519098696236
scenario_29,92,-953.8092881776952
scenario_29,93,-944.7750230322328
scenario_29,94,-921.7045995701764
scenario_29,95,-878.608279907583
scenario_29,96,-878.5692673333848
scenario_29,97,-863.5725180881636
scenario_29,98,-836.0571125717041
scenario_29,99,-815.3659029319969
scenario_29,100,-783.7907751191402
scenario_29,101,-767.0080543801448
scenario_29,102,-705.254751734019
scenario_29,103,-701.5265666626867
scenario_29,104,-683.8889630283811
scenario_29,105,-677.1469142696828
scenario_29,106,-661.7106815872767
scenario_29,107,-658.9040540502323
scenario_29,108,-653.1753302221608
scenario_29,109,-650.1012552317853
scenario_29,110,-646.376463599927
scenario_29,111,-632.4791584216342
scenario_29,112,-626.3915530498376
scenario_29,113,-594.9993394142722
scenario_29,114,-593.1080622349484
scenario_29,115,-573.9049827654828
scenario_29,116,-551.9310569907656
scenario_29,117,-540.2208082435287
scenario_29,118,-539.809303753096
scenario_29,119,-538.1352317797164
scenario_29,120,-532.7712057902611
scenario_29,121,-516.7365635191214
scenario_29,122,-508.7761758968997
scenario_29,123,-507.6698950212149
scenario_29,124,-475.4768788440507
scenario_29,125,-475.4133365380288
scenario_29,126,-474.89164933216915
scenario_29,127,-472.2845157255069
scenario_29,128,-457.30964225361225
scenario_29,129,-437.74228650587924
scenario_29,130,-428.89543113269235
scenario_29,131,-392.5703178060762
scenario_29,132,-385.0473906577309
scenario_29,133,-380.48545825775125
scenario_29,134,-333.5473223628966
scenario_29,135,-313.0479604171959
scenario_29,136,-303.62688427409176
scenario_29,137,-272.62156912533743
scenario_29,138,-254.83934574952414
scenario_30,1,-5028.418223314588
scenario_30,2,-4968.687469397935
scenario_30,3,-4940.924391691846
scenario_30,4,-4776.301048888924
scenario_30,5,-4665.771491141682
scenario_30,6,-4272.898900279202
scenario_30,7,-4177.337804748655
scenario_30,8,-4070.4667842105337
scenario_30,9,-4050.893236973188
scenario_30,10,-4002.2377711040026
scenario_30,11,-3999.809565659328
scenario_30,12,-3721.613463165461
scenario_30,13,-3464.8565594550664
scenario_30,14,-3408.8158588066676
scenario_30,15,-3277.81378361283
scenario_30,16,-3198.740341737618
scenario_30,17,-3197.6422684345157
scenario_30,18,-3065.143176525125
scenario_30,19,-3010.6513977465315
scenario_30,20,-2993.66648824374
scenario_30,21,-2963.664096754491
scenario_30,22,-2924.184760447076
scenario_30,23,-2914.934204655701
scenario_30,24,-2795.624731518429
scenario_30,25,-2682.2399756417244
scenario_30,26,-2622.6136644749968
scenario_30,27,-2402.3569745817963
scenario_30,28,-2246.3325928047248
scenario_30,29,-2202.326172614349
scenario_30,30,-2201.8933104186613
scenario_30,31,-2061.6058050388356
scenario_30,32,-2032.9147647274856
scenario_30,33,-1986.9702603854569
scenario_30,34,-1982.434611271438
scenario_30,35,-1963.3545818013329
scenario_30,36,-1925.6917862542118
scenario_30,37,-1921.1878244247232
scenario_30,38,-1870.9774977665584
scenario_30,39,-1836.1275042423183
scenario_30,40,-1770.9098194385035
scenario_30,41,-1723.7632485695497
scenario_30,42,-1691.8486178505912
scenario_30,43,-1685.1650408144071
scenario_30,44,-1657.7748649046416
scenario_30,45,-1631.5409820254179
scenario_30,46,-1631.1082591995687
scenario_30,47,-1615.6040393122971
scenario_30,48,-1581.6610857302132
scenario_30,49,-1529.826600307733
scenario_30,50,-1512.849762320011
scenario_30,51,-1482.1999666480917
scenario_30,52,-1431.277153128602
scenario_30,53,-1430.371876033016
scenario_30,54,-1426.9486203330653
scenario_30,55,-1409.5176743794773
scenario_30,56,-1407.505986359048
scenario_30,57,-1391.9009299185038
scenario_30,58,-1385.371949745613
scenario_30,59,-1381.1011187892136
scenario_30,60,-1379.3046092731256
scenario_30,61,-1374.39901459967
scenario_30,62,-1374.1963100069759
scenario_30,63,-1364.6768070661121
scenario_30,64,-1345.1064543656191
scenario_30,65,-1320.921019952703
scenario_30,66,-1313.2270190328297
scenario_30,67,-1283.6536497962695
scenario_30,68,-1273.062544550067
scenario_30,69,-1253.7081921436238
scenario_30,70,-1253.5495186830187
scenario_30,71,-1249.9814532720688
scenario_30,72,-1243.257832427675
scenario_30,73,-1241.292278550995
scenario_30,74,-1230.1472454058633
scenario_30,75,-1211.7166687396145
scenario_30,76,-1174.3176991909547
scenario_30,77,-1148.1439223518125
scenario_30,78,-1134.5287602749925
scenario_30,79,-1130.1908485571323
scenario_30,80,-1107.473054384554
scenario_30,81,-1106.7195081058842
scenario_30,82,-1101.0704793032025
scenario_30,83,-1094.6077947913236
scenario_30,84,-1090.4985636231377
scenario_30,85,-1088.5795528994527
scenario_30,86,-1031.9673932081728
scenario_30,87,-1025.3196048457391
scenario_30,88,-1007.5991797697731
scenario_30,89,-1004.5412687667081
scenario_30,90,-998.5007963790362
scenario_30,91,-964.0711595596028
scenario_30,92,-957.2473146012318
scenario_30,93,-913.4562769048312
scenario_30,94,-910.7552986054528
scenario_30,95,-858.745723292463
scenario_30,96,-858.186722502378
scenario_30,97,-844.3543542005427
scenario_30,98,-839.8173454814652
scenario_30,99,-780.395196716606
scenario_30,100,-765.6706524943354
scenario_30,101,-741.6229258809427
scenario_30,102,-730.0219606906463
scenario_30,103,-723.3449575621858
scenario_30,104,-719.098282325131
scenario_30,105,-716.0285861044242
scenario_30,106,-687.0271378713597
scenario_30,107,-676.5567676447944
scenario_30,108,-665.5498469751961
scenario_30,109,-660.7374440119319
scenario_30,110,-659.2447440121709
scenario_30,111,-658.2833210641479
scenario_30,112,-648.139474276703
scenario_30,113,-641.2767501813199
scenario_30,114,-608.9270480134264
scenario_30,115,-607.5859165172646
scenario_30,116,-605.5041652802641
scenario_30,117,-593.5897482419882
scenario_30,118,-581.1319187242607
scenario_30,119,-576.9102634253487
scenario_30,120,-545.8454189493596
scenario_30,121,-542.9488619425941
scenario_30,122,-531.1701667247937
scenario_30,123,-459.47052941305566
scenario_30,124,-451.9678569364252
scenario_30,125,-436.8156836530498
scenario_30,126,-429.3677976913234
scenario_30,127,-410.75119892408657
scenario_30,128,-397.3870449274014
scenario_30,129,-388.92806707609606
scenario_30,130,-385.74222416447793
scenario_30,131,-365.6886343618766
scenario_30,132,-338.3350518094244
scenario_30,133,-318.6396694225479
scenario_30,134,-305.511969109604
scenario_30,135,-293.3828099732448
scenario_30,136,-271.39291296304253
scenario_30,137,-229.96483053174603
scenario_30,138,-205.1333092002145
