mode,development,score_id,value_mio_chf,development_label,ranking_label,ranking_label_short,bcr_mean,plot_group,plot_order
Rail,100000,rail_accident_cost,-0.01994781541306757,G (100000),Rail G (100000),G (100000),4.585045896255367,Rail top 10,1
Rail,100000,rail_airpollution_cost,-0.09069475013109245,G (100000),Rail G (100000),G (100000),4.585045896255367,Rail top 10,1
Rail,100000,rail_co2_cost,-0.002667492650914484,G (100000),Rail G (100000),G (100000),4.585045896255367,Rail top 10,1
Rail,100000,rail_construction_cost,0.0,G (100000),Rail G (100000),G (100000),4.585045896255367,Rail top 10,1
Rail,100000,rail_land_consumption_cost,0.0,G (100000),Rail G (100000),G (100000),4.585045896255367,Rail top 10,1
Rail,100000,rail_maint_cost,0.0,G (100000),Rail G (100000),G (100000),4.585045896255367,Rail top 10,1
Rail,100000,rail_noise_cost,-0.02098413426554671,G (100000),Rail G (100000),G (100000),4.585045896255367,Rail top 10,1
Rail,100000,rail_operation_cost,-1.194824464303851,G (100000),Rail G (100000),G (100000),4.585045896255367,Rail top 10,1
Rail,100000,rail_tts_cost,6.09407004283439,G (100000),Rail G (100000),G (100000),4.585045896255367,Rail top 10,1
Rail,100001,rail_accident_cost,-0.02590639795283632,G (100001),Rail G (100001),G (100001),11.126785414733918,Rail top 10,0
Rail,100001,rail_airpollution_cost,-0.11778604526237783,G (100001),Rail G (100001),G (100001),11.126785414733918,Rail top 10,0
Rail,100001,rail_co2_cost,-0.0034642954488934663,G (100001),Rail G (100001),G (100001),11.126785414733918,Rail top 10,0
Rail,100001,rail_construction_cost,0.0,G (100001),Rail G (100001),G (100001),11.126785414733918,Rail top 10,0
Rail,100001,rail_land_consumption_cost,0.0,G (100001),Rail G (100001),G (100001),11.126785414733918,Rail top 10,0
Rail,100001,rail_maint_cost,0.0,G (100001),Rail G (100001),G (100001),11.126785414733918,Rail top 10,0
Rail,100001,rail_noise_cost,-0.03509371595164418,G (100001),Rail G (100001),G (100001),11.126785414733918,Rail top 10,0
Rail,100001,rail_operation_cost,-1.5517287189133662,G (100001),Rail G (100001),G (100001),11.126785414733918,Rail top 10,0
Rail,100001,rail_tts_cost,19.29361417747616,G (100001),Rail G (100001),G (100001),11.126785414733918,Rail top 10,0
Rail,100002,rail_accident_cost,-0.026265546000008272,G (100002),Rail G (100002),G (100002),2.3291961128741745,Rail top 10,3
Rail,100002,rail_airpollution_cost,-0.1194189480000376,G (100002),Rail G (100002),G (100002),2.3291961128741745,Rail top 10,3
Rail,100002,rail_co2_cost,-0.0035123220000011063,G (100002),Rail G (100002),G (100002),2.3291961128741745,Rail top 10,3
Rail,100002,rail_construction_cost,-0.732040428190727,G (100002),Rail G (100002),G (100002),2.3291961128741745,Rail top 10,3
Rail,100002,rail_land_consumption_cost,-0.002701245112781955,G (100002),Rail G (100002),G (100002),2.3291961128741745,Rail top 10,3
Rail,100002,rail_maint_cost,-0.579195,G (100002),Rail G (100002),G (100002),2.3291961128741745,Rail top 10,3
Rail,100002,rail_noise_cost,-0.030878038538663798,G (100002),Rail G (100002),G (100002),2.3291961128741745,Rail top 10,3
Rail,100002,rail_operation_cost,-1.5732407925005205,G (100002),Rail G (100002),G (100002),2.3291961128741745,Rail top 10,3
Rail,100002,rail_tts_cost,7.144232181746603,G (100002),Rail G (100002),G (100002),2.3291961128741745,Rail top 10,3
Rail,100005,rail_accident_cost,-0.031219996377805176,P (100005),Rail P (100005),P (100005),2.1539132762590234,Rail top 10,5
Rail,100005,rail_airpollution_cost,-0.14194485521075043,P (100005),Rail P (100005),P (100005),2.1539132762590234,Rail top 10,5
Rail,100005,rail_co2_cost,-0.0041748486826691305,P (100005),Rail P (100005),P (100005),2.1539132762590234,Rail top 10,5
Rail,100005,rail_construction_cost,-0.732040428190727,P (100005),Rail P (100005),P (100005),2.1539132762590234,Rail top 10,5
Rail,100005,rail_land_consumption_cost,-0.002701245112781955,P (100005),Rail P (100005),P (100005),2.1539132762590234,Rail top 10,5
Rail,100005,rail_maint_cost,-0.579195,P (100005),Rail P (100005),P (100005),2.1539132762590234,Rail top 10,5
Rail,100005,rail_noise_cost,-0.03326832343359484,P (100005),Rail P (100005),P (100005),2.1539132762590234,Rail top 10,5
Rail,100005,rail_operation_cost,-1.8700000313439262,P (100005),Rail P (100005),P (100005),2.1539132762590234,Rail top 10,5
Rail,100005,rail_tts_cost,7.3115549572530005,P (100005),Rail P (100005),P (100005),2.1539132762590234,Rail top 10,5
Rail,101007,rail_accident_cost,-0.045861796342014136,X7 (101007),Rail X7 (101007),X7 (101007),2.2039455658031066,Rail top 10,4
Rail,101007,rail_airpollution_cost,-0.20851527215743304,X7 (101007),Rail X7 (101007),X7 (101007),2.2039455658031066,Rail top 10,4
Rail,101007,rail_co2_cost,-0.006132802122277443,X7 (101007),Rail X7 (101007),X7 (101007),2.2039455658031066,Rail top 10,4
Rail,101007,rail_construction_cost,-1.9047809095278083,X7 (101007),Rail X7 (101007),X7 (101007),2.2039455658031066,Rail top 10,4
Rail,101007,rail_land_consumption_cost,-0.002701245112781955,X7 (101007),Rail X7 (101007),X7 (101007),2.2039455658031066,Rail top 10,4
Rail,101007,rail_maint_cost,-1.5380792250000002,X7 (101007),Rail X7 (101007),X7 (101007),2.2039455658031066,Rail top 10,4
Rail,101007,rail_noise_cost,-0.0405039808141297,X7 (101007),Rail X7 (101007),X7 (101007),2.2039455658031066,Rail top 10,4
Rail,101007,rail_operation_cost,-3.0217081230613725,X7 (101007),Rail X7 (101007),X7 (101007),2.2039455658031066,Rail top 10,4
Rail,101007,rail_tts_cost,14.916928086451021,X7 (101007),Rail X7 (101007),X7 (101007),2.2039455658031066,Rail top 10,4
Rail,101008,rail_accident_cost,-0.03760824508620929,X8 (101008),Rail X8 (101008),X8 (101008),1.3191484849121582,Rail top 10,9
Rail,101008,rail_airpollution_cost,-0.17098967081519198,X8 (101008),Rail X8 (101008),X8 (101008),1.3191484849121582,Rail top 10,9
Rail,101008,rail_co2_cost,-0.005029107965152707,X8 (101008),Rail X8 (101008),X8 (101008),1.3191484849121582,Rail top 10,9
Rail,101008,rail_construction_cost,-1.9047809095278083,X8 (101008),Rail X8 (101008),X8 (101008),1.3191484849121582,Rail top 10,9
Rail,101008,rail_land_consumption_cost,-0.002701245112781955,X8 (101008),Rail X8 (101008),X8 (101008),1.3191484849121582,Rail top 10,9
Rail,101008,rail_maint_cost,-1.5380792250000002,X8 (101008),Rail X8 (101008),X8 (101008),1.3191484849121582,Rail top 10,9
Rail,101008,rail_noise_cost,-0.06190716986421456,X8 (101008),Rail X8 (101008),X8 (101008),1.3191484849121582,Rail top 10,9
Rail,101008,rail_operation_cost,-2.4779042413341967,X8 (101008),Rail X8 (101008),X8 (101008),1.3191484849121582,Rail top 10,9
Rail,101008,rail_tts_cost,8.177401213539584,X8 (101008),Rail X8 (101008),X8 (101008),1.3191484849121582,Rail top 10,9
Rail,101010,rail_accident_cost,-0.058893507298479045,X10 (101010),Rail X10 (101010),X10 (101010),1.6114393465929626,Rail top 10,7
Rail,101010,rail_airpollution_cost,-0.26776525740659224,X10 (101010),Rail X10 (101010),X10 (101010),1.6114393465929626,Rail top 10,7
Rail,101010,rail_co2_cost,-0.007875448747252713,X10 (101010),Rail X10 (101010),X10 (101010),1.6114393465929626,Rail top 10,7
Rail,101010,rail_construction_cost,-0.732040428190727,X10 (101010),Rail X10 (101010),X10 (101010),1.6114393465929626,Rail top 10,7
Rail,101010,rail_land_consumption_cost,-0.002701245112781955,X10 (101010),Rail X10 (101010),X10 (101010),1.6114393465929626,Rail top 10,7
Rail,101010,rail_maint_cost,-0.579195,X10 (101010),Rail X10 (101010),X10 (101010),1.6114393465929626,Rail top 10,7
Rail,101010,rail_noise_cost,-0.049476439303737324,X10 (101010),Rail X10 (101010),X10 (101010),1.6114393465929626,Rail top 10,7
Rail,101010,rail_operation_cost,-3.8803318577462487,X10 (101010),Rail X10 (101010),X10 (101010),1.6114393465929626,Rail top 10,7
Rail,101010,rail_tts_cost,8.989058563065173,X10 (101010),Rail X10 (101010),X10 (101010),1.6114393465929626,Rail top 10,7
Rail,101011,rail_accident_cost,-0.10219171743120899,X11 (101011),Rail X11 (101011),X11 (101011),1.4747278395241583,Rail top 10,8
Rail,101011,rail_airpollution_cost,-0.46462492688894563,X11 (101011),Rail X11 (101011),X11 (101011),1.4747278395241583,Rail top 10,8
Rail,101011,rail_co2_cost,-0.013665439026145459,X11 (101011),Rail X11 (101011),X11 (101011),1.4747278395241583,Rail top 10,8
Rail,101011,rail_construction_cost,-0.732040428190727,X11 (101011),Rail X11 (101011),X11 (101011),1.4747278395241583,Rail top 10,8
Rail,101011,rail_land_consumption_cost,-0.002701245112781955,X11 (101011),Rail X11 (101011),X11 (101011),1.4747278395241583,Rail top 10,8
Rail,101011,rail_maint_cost,-0.579195,X11 (101011),Rail X11 (101011),X11 (101011),1.4747278395241583,Rail top 10,8
Rail,101011,rail_noise_cost,-0.1053114104716837,X11 (101011),Rail X11 (101011),X11 (101011),1.4747278395241583,Rail top 10,8
Rail,101011,rail_operation_cost,-6.733132308395664,X11 (101011),Rail X11 (101011),X11 (101011),1.4747278395241583,Rail top 10,8
Rail,101011,rail_tts_cost,12.878595411381008,X11 (101011),Rail X11 (101011),X11 (101011),1.4747278395241583,Rail top 10,8
Rail,101012,rail_accident_cost,-0.07656069250720723,X12 (101012),Rail X12 (101012),X12 (101012),2.1528478268819096,Rail top 10,6
Rail,101012,rail_airpollution_cost,-0.34809089281304756,X12 (101012),Rail X12 (101012),X12 (101012),2.1528478268819096,Rail top 10,6
Rail,101012,rail_co2_cost,-0.010237967435677871,X12 (101012),Rail X12 (101012),X12 (101012),2.1528478268819096,Rail top 10,6
Rail,101012,rail_construction_cost,-0.732040428190727,X12 (101012),Rail X12 (101012),X12 (101012),2.1528478268819096,Rail top 10,6
Rail,101012,rail_land_consumption_cost,-0.002701245112781955,X12 (101012),Rail X12 (101012),X12 (101012),2.1528478268819096,Rail top 10,6
Rail,101012,rail_maint_cost,-0.579195,X12 (101012),Rail X12 (101012),X12 (101012),2.1528478268819096,Rail top 10,6
Rail,101012,rail_noise_cost,-0.07680009240506062,X12 (101012),Rail X12 (101012),X12 (101012),2.1528478268819096,Rail top 10,6
Rail,101012,rail_operation_cost,-5.044374292079266,X12 (101012),Rail X12 (101012),X12 (101012),2.1528478268819096,Rail top 10,6
Rail,101012,rail_tts_cost,14.790065885086545,X12 (101012),Rail X12 (101012),X12 (101012),2.1528478268819096,Rail top 10,6
Rail,101016,rail_accident_cost,-0.02954356680119106,X16 (101016),Rail X16 (101016),X16 (101016),3.146349565121889,Rail top 10,2
Rail,101016,rail_airpollution_cost,-0.13432279944098482,X16 (101016),Rail X16 (101016),X16 (101016),3.146349565121889,Rail top 10,2
Rail,101016,rail_co2_cost,-0.003950670571793672,X16 (101016),Rail X16 (101016),X16 (101016),3.146349565121889,Rail top 10,2
Rail,101016,rail_construction_cost,-0.732040428190727,X16 (101016),Rail X16 (101016),X16 (101016),3.146349565121889,Rail top 10,2
Rail,101016,rail_land_consumption_cost,-0.002701245112781955,X16 (101016),Rail X16 (101016),X16 (101016),3.146349565121889,Rail top 10,2
Rail,101016,rail_maint_cost,-0.579195,X16 (101016),Rail X16 (101016),X16 (101016),3.146349565121889,Rail top 10,2
Rail,101016,rail_noise_cost,-0.03750137760949724,X16 (101016),Rail X16 (101016),X16 (101016),3.146349565121889,Rail top 10,2
Rail,101016,rail_operation_cost,-1.9465446822365964,X16 (101016),Rail X16 (101016),X16 (101016),3.146349565121889,Rail top 10,2
Rail,101016,rail_tts_cost,10.90461759902443,X16 (101016),Rail X16 (101016),X16 (101016),3.146349565121889,Rail top 10,2
Road,0,road_accident_cost,0.04344574595760804,0,Road 0,0,0.4203722582313384,Road top 10,11
Road,0,road_airpollution_cost,0.009583696122860582,0,Road 0,0,0.4203722582313384,Road top 10,11
Road,0,road_co2_cost,0.010834414789807477,0,Road 0,0,0.4203722582313384,Road top 10,11
Road,0,road_construction_cost,-4.187558652921078,0,Road 0,0,0.4203722582313384,Road top 10,11
Road,0,road_land_consumption_cost,-0.10296778920474807,0,Road 0,0,0.4203722582313384,Road top 10,11
Road,0,road_maint_cost,-2.513203435361913,0,Road 0,0,0.4203722582313384,Road top 10,11
Road,0,road_noise_cost,0.005737298327341154,0,Road 0,0,0.4203722582313384,Road top 10,11
Road,0,road_tts_cost,2.826133182722616,0,Road 0,0,0.4203722582313384,Road top 10,11
Road,15,road_accident_cost,0.037882641828735214,15,Road 15,15,0.2354211440625124,Road top 10,16
Road,15,road_airpollution_cost,0.008356531108293446,15,Road 15,15,0.2354211440625124,Road top 10,16
Road,15,road_co2_cost,0.009447098809322074,15,Road 15,15,0.2354211440625124,Road top 10,16
Road,15,road_construction_cost,-5.595263683091946,15,Road 15,15,0.2354211440625124,Road top 10,16
Road,15,road_land_consumption_cost,-0.06288575043230296,15,Road 15,15,0.2354211440625124,Road top 10,16
Road,15,road_maint_cost,-2.992924703195333,15,Road 15,15,0.2354211440625124,Road top 10,16
Road,15,road_noise_cost,0.004777589481615034,15,Road 15,15,0.2354211440625124,Road top 10,16
Road,15,road_tts_cost,2.020120289793219,15,Road 15,15,0.2354211440625124,Road top 10,16
Road,334,road_accident_cost,0.06715064253250377,334,Road 334,334,0.618951191446911,Road top 10,10
Road,334,road_airpollution_cost,0.014812758724739018,334,Road 334,334,0.618951191446911,Road top 10,10
Road,334,road_co2_cost,0.016745895335969724,334,Road 334,334,0.618951191446911,Road top 10,10
Road,334,road_construction_cost,-4.224853843456887,334,Road 334,334,0.618951191446911,Road top 10,10
Road,334,road_land_consumption_cost,-0.10870143063415687,334,Road 334,334,0.618951191446911,Road top 10,10
Road,334,road_maint_cost,-2.5442986729521873,334,Road 334,334,0.618951191446911,Road top 10,10
Road,334,road_noise_cost,0.010840883175522845,334,Road 334,334,0.618951191446911,Road top 10,10
Road,334,road_tts_cost,4.178701425923635,334,Road 334,334,0.618951191446911,Road top 10,10
Road,423,road_accident_cost,-0.006805993543537318,423,Road 423,423,0.2827716298680314,Road top 10,13
Road,423,road_airpollution_cost,-0.0015013339625715519,423,Road 423,423,0.2827716298680314,Road top 10,13
Road,423,road_co2_cost,-0.0016972653014033934,423,Road 423,423,0.2827716298680314,Road top 10,13
Road,423,road_construction_cost,-6.352578682878811,423,Road 423,423,0.2827716298680314,Road top 10,13
Road,423,road_land_consumption_cost,-0.11326091142210848,423,Road 423,423,0.2827716298680314,Road top 10,13
Road,423,road_maint_cost,-3.540682337985838,423,Road 423,423,0.2827716298680314,Road top 10,13
Road,423,road_noise_cost,0.0010417271718592322,423,Road 423,423,0.2827716298680314,Road top 10,13
Road,423,road_tts_cost,2.832405719418363,423,Road 423,423,0.2827716298680314,Road top 10,13
Road,57,road_accident_cost,-0.017490877890066377,57,Road 57,57,0.2715372369363208,Road top 10,14
Road,57,road_airpollution_cost,-0.0038583123600643998,57,Road 57,57,0.2715372369363208,Road top 10,14
Road,57,road_co2_cost,-0.004361840772253256,57,Road 57,57,0.2715372369363208,Road top 10,14
Road,57,road_construction_cost,-3.860651291691024,57,Road 57,57,0.2715372369363208,Road top 10,14
Road,57,road_land_consumption_cost,-0.07570486714302221,57,Road 57,57,0.2715372369363208,Road top 10,14
Road,57,road_maint_cost,-2.269766265378703,57,Road 57,57,0.2715372369363208,Road top 10,14
Road,57,road_noise_cost,-0.001539783603562007,57,Road 57,57,0.2715372369363208,Road top 10,14
Road,57,road_tts_cost,1.6933593799516728,57,Road 57,57,0.2715372369363208,Road top 10,14
Road,669,road_accident_cost,0.056223487049218424,669,Road 669,669,0.4046099755665874,Road top 10,12
Road,669,road_airpollution_cost,0.012402337742642423,669,Road 669,669,0.4046099755665874,Road top 10,12
Road,669,road_co2_cost,0.014020902764909937,669,Road 669,669,0.4046099755665874,Road top 10,12
Road,669,road_construction_cost,-4.0166487292026005,669,Road 669,669,0.4046099755665874,Road top 10,12
Road,669,road_land_consumption_cost,-0.08434027389074812,669,Road 669,669,0.4046099755665874,Road top 10,12
Road,669,road_maint_cost,-2.380392040612237,669,Road 669,669,0.4046099755665874,Road top 10,12
Road,669,road_noise_cost,0.007791160205319751,669,Road 669,669,0.4046099755665874,Road top 10,12
Road,669,road_tts_cost,2.5799458297675777,669,Road 669,669,0.4046099755665874,Road top 10,12
Road,673,road_accident_cost,0.031123665460268363,673,Road 673,673,0.25010614011596144,Road top 10,15
Road,673,road_airpollution_cost,0.0068655686633123676,673,Road 673,673,0.25010614011596144,Road top 10,15
Road,673,road_co2_cost,0.00776155855868557,673,Road 673,673,0.25010614011596144,Road top 10,15
Road,673,road_construction_cost,-3.3333883843579306,673,Road 673,673,0.25010614011596144,Road top 10,15
Road,673,road_land_consumption_cost,-0.04243139095678082,673,Road 673,673,0.25010614011596144,Road top 10,15
Road,673,road_maint_cost,-1.8906814655231787,673,Road 673,673,0.25010614011596144,Road top 10,15
Road,673,road_noise_cost,0.003305264435963536,673,Road 673,673,0.25010614011596144,Road top 10,15
Road,673,road_tts_cost,1.3029173260229348,673,Road 673,673,0.25010614011596144,Road top 10,15
Road,761,road_accident_cost,0.0024633514751751587,761,Road 761,761,0.17547761653624633,Road top 10,19
Road,761,road_airpollution_cost,0.0005433906464608637,761,Road 761,761,0.17547761653624633,Road top 10,19
Road,761,road_co2_cost,0.0006143057523094084,761,Road 761,761,0.17547761653624633,Road top 10,19
Road,761,road_construction_cost,-5.518140039147735,761,Road 761,761,0.17547761653624633,Road top 10,19
Road,761,road_land_consumption_cost,-0.10342120819829459,761,Road 761,761,0.17547761653624633,Road top 10,19
Road,761,road_maint_cost,-3.118010934615342,761,Road 761,761,0.17547761653624633,Road top 10,19
Road,761,road_noise_cost,0.00403114788872155,761,Road 761,761,0.17547761653624633,Road top 10,19
Road,761,road_tts_cost,1.531965633562169,761,Road 761,761,0.17547761653624633,Road top 10,19
Road,767,road_accident_cost,0.0016331510200091822,767,Road 767,767,0.17840656123035178,Road top 10,18
Road,767,road_airpollution_cost,0.0003602567467429336,767,Road 767,767,0.17840656123035178,Road top 10,18
Road,767,road_co2_cost,0.0004072719934983219,767,Road 767,767,0.17840656123035178,Road top 10,18
Road,767,road_construction_cost,-4.133322213549162,767,Road 767,767,0.17840656123035178,Road top 10,18
Road,767,road_land_consumption_cost,-0.0959747638910909,767,Road 767,767,0.17840656123035178,Road top 10,18
Road,767,road_maint_cost,-2.4696869742215863,767,Road 767,767,0.17840656123035178,Road top 10,18
Road,767,road_noise_cost,0.0036651298612529757,767,Road 767,767,0.17840656123035178,Road top 10,18
Road,767,road_tts_cost,1.193797166320471,767,Road 767,767,0.17840656123035178,Road top 10,18
Road,938,road_accident_cost,-0.20181463803542599,938,Road 938,938,0.23357778261420833,Road top 10,17
Road,938,road_airpollution_cost,-0.044518286461552335,938,Road 938,938,0.23357778261420833,Road top 10,17
Road,938,road_co2_cost,-0.050328138024472426,938,Road 938,938,0.23357778261420833,Road top 10,17
Road,938,road_construction_cost,-5.599941471907087,938,Road 938,938,0.23357778261420833,Road top 10,17
Road,938,road_land_consumption_cost,-0.20203958776655467,938,Road 938,938,0.23357778261420833,Road top 10,17
Road,938,road_maint_cost,-3.541252924751384,938,Road 938,938,0.23357778261420833,Road top 10,17
Road,938,road_noise_cost,-0.013653061287948211,938,Road 938,938,0.23357778261420833,Road top 10,17
Road,938,road_tts_cost,2.2669064606350866,938,Road 938,938,0.23357778261420833,Road top 10,17
