development,development_label,road_climate_cost,road_construction_cost,road_ecological_disruption_cost,road_land_consumption_cost,road_maint_cost,road_noise_cost,road_tts_cost,road_externalities_total_cost,road_total_cost_without_tts,road_construction_cost_mio_chf,road_maint_cost_mio_chf,road_tts_cost_mio_chf,road_climate_cost_mio_chf,road_land_consumption_cost_mio_chf,road_ecological_disruption_cost_mio_chf,road_noise_cost_mio_chf,road_externalities_total_cost_mio_chf,road_total_cost_without_tts_mio_chf
0,0,-219924.64394040313,-3816953.5260029384,-710437.4218694746,-46377.68640486368,-2128372.97034406,-7655182.065570948,2537276.8437483357,-8631921.81778569,-14577248.314132689,-3.8169535260029384,-2.12837297034406,2.5372768437483355,-0.21992464394040312,-0.04637768640486368,-0.7104374218694746,-7.655182065570948,-8.63192181778569,-14.577248314132689
103,103,-440578.2300220169,-6491417.956595839,-1021005.69736768,-80166.75102873528,-4031434.3203598512,-10686915.800475284,-5061930.541310771,-12228666.478893716,-22751518.755849406,-6.491417956595839,-4.0314343203598515,-5.061930541310772,-0.4405782300220169,-0.08016675102873527,-1.02100569736768,-10.686915800475285,-12.228666478893716,-22.751518755849407
104,104,-90049.4821352756,-3156249.8477229197,-266283.8302421902,-2770.2230637444213,-1656002.2441377095,-22779409.5753967,53668.31989127223,-23138513.11083791,-27950765.20269854,-3.1562498477229197,-1.6560022441377096,0.05366831989127223,-0.0900494821352756,-0.0027702230637444212,-0.2662838302421902,-22.779409575396702,-23.13851311083791,-27.95076520269854
109,109,-1013657.6766594506,-42978481.77262277,-2069349.4931752034,-403190.0702812184,-21997233.397928752,-9319668.629144125,-10451358.419362979,-12805865.869259998,-77781581.03981152,-42.97848177262277,-21.997233397928753,-10.451358419362979,-1.0136576766594507,-0.4031900702812184,-2.0693494931752032,-9.319668629144125,-12.805865869259998,-77.78158103981153
114,114,-223437.22652392564,-3836285.365401461,-722031.4714329287,-45100.85583241588,-2142185.759122142,-6852863.336530978,-247149.4321720583,-7843432.890320248,-13821904.014843851,-3.836285365401461,-2.142185759122142,-0.2471494321720583,-0.22343722652392564,-0.04510085583241588,-0.7220314714329287,-6.8528633365309775,-7.843432890320248,-13.82190401484385
12,12,-670219.4033113153,-7809347.345562276,-1763514.656397349,-134783.92284051736,-4972816.319064497,-19548455.828200765,-163480.8937957363,-22116973.810749948,-34899137.475376725,-7.809347345562276,-4.972816319064497,-0.1634808937957363,-0.6702194033113154,-0.13478392284051735,-1.763514656397349,-19.548455828200765,-22.116973810749947,-34.899137475376726
126,126,-744660.711054364,-12035464.075227171,-1421283.8793650756,-280170.7901287537,-7512433.252966238,-10602344.085150933,-5846454.403494969,-13048459.465699125,-32596356.793892536,-12.035464075227171,-7.512433252966238,-5.846454403494969,-0.7446607110543639,-0.2801707901287537,-1.4212838793650757,-10.602344085150932,-13.048459465699125,-32.59635679389254
140,140,-168797.56596360932,-3535570.686778138,-541681.2824755681,-7660.607515584811,-1927322.1730626535,-12750497.857655834,-114769.71835279735,-13468637.313610597,-18931530.173451386,-3.535570686778138,-1.9273221730626535,-0.11476971835279735,-0.16879756596360931,-0.007660607515584811,-0.5416812824755681,-12.750497857655834,-13.468637313610596,-18.931530173451385
143,143,-129191.59137618991,-10734373.686350971,-178871.23829781247,-19179.10107905444,-5308156.610404499,-3197555.396844733,-22019.01870003588,-3524797.32759779,-19567327.62435326,-10.734373686350972,-5.308156610404499,-0.022019018700035878,-0.1291915913761899,-0.019179101079054437,-0.17887123829781246,-3.197555396844733,-3.5247973275977897,-19.56732762435326
144,144,-263718.86861525127,-4030940.850652282,-862725.9310840092,-39948.51793234333,-2281414.7470150813,-30395216.09078937,-4332464.549472332,-31561609.408420973,-37873965.00608834,-4.030940850652282,-2.281414747015081,-4.332464549472332,-0.2637188686152513,-0.03994851793234333,-0.8627259310840092,-30.39521609078937,-31.561609408420974,-37.87396500608834
15,15,-148243.3115845066,-4878765.572749263,-435157.1500357672,-7564.816580049666,-2534637.646489866,-5523292.165796165,1813645.7489737447,-6114257.443996489,-13527660.663235618,-4.878765572749263,-2.534637646489866,1.8136457489737448,-0.1482433115845066,-0.0075648165800496665,-0.43515715003576716,-5.523292165796166,-6.114257443996489,-13.527660663235618
150,150,-238667.54975225628,-13040428.421298534,-493804.2937146368,-103273.58433715378,-6544685.522982683,-3720875.4931549476,-4518504.765813421,-4556620.920958995,-24141734.865240213,-13.040428421298534,-6.544685522982683,-4.518504765813422,-0.2386675497522563,-0.10327358433715378,-0.4938042937146368,-3.7208754931549475,-4.556620920958995,-24.141734865240213
17,17,-1308175.8626868748,-58930736.08780906,-2469002.865472936,-286826.32232872886,-30102127.951760042,-24989644.7709846,-1332920.375182,-29053649.82147314,-118086513.86104225,-58.930736087809066,-30.102127951760043,-1.332920375182,-1.308175862686875,-0.28682632232872884,-2.469002865472936,-24.9896447709846,-29.05364982147314,-118.08651386104225
176,176,-912203.6005346518,-18740505.652223084,-2461667.8016208513,-194978.84412685657,-10319569.185627632,-29133101.013936985,1461254.3247093193,-32701951.260219343,-61762026.098070055,-18.740505652223085,-10.319569185627632,1.4612543247093193,-0.9122036005346518,-0.19497884412685657,-2.4616678016208513,-29.133101013936987,-32.701951260219346,-61.76202609807005
177,177,-142343.05597595888,-3362937.2774935863,-462098.4286458269,-8280.060409801852,-1804119.644938555,-7349107.183762843,137381.32372321206,-7961828.72879443,-13128885.651226573,-3.3629372774935864,-1.804119644938555,0.13738132372321205,-0.1423430559759589,-0.008280060409801853,-0.4620984286458269,-7.349107183762843,-7.961828728794431,-13.128885651226573
195,195,-288346.7808494802,-9138040.28669078,-781558.4752067361,-110557.51160549065,-4755154.37347054,-3859799.5516069345,-4356803.023433311,-5040262.319268642,-18933456.97942996,-9.138040286690781,-4.75515437347054,-4.356803023433311,-0.2883467808494802,-0.11055751160549065,-0.7815584752067362,-3.8597995516069346,-5.040262319268642,-18.93345697942996
197,197,-200149.9904952867,-3708121.800207873,-645166.8391312053,-36567.688386607944,-2050611.6352857824,-8068304.449403197,-432564.9909966978,-8950188.967416296,-14708922.402909951,-3.708121800207873,-2.0506116352857826,-0.4325649909966978,-0.2001499904952867,-0.03656768838660794,-0.6451668391312053,-8.068304449403197,-8.950188967416295,-14.708922402909952
2,2,-352820.83604413207,-4872821.9573651925,-1056257.7307701265,-68689.3212454351,-2881052.492674267,-10346231.975217368,-4733917.823925004,-11823999.863277063,-19577874.313316524,-4.8728219573651925,-2.881052492674267,-4.733917823925005,-0.35282083604413206,-0.0686893212454351,-1.0562577307701264,-10.346231975217368,-11.823999863277063,-19.577874313316524
201,201,-636728.6859814313,-8815628.094791744,-1967105.0000000224,-131625.3826015249,-5088526.572247073,-17130466.84823581,-5601666.971321447,-19865925.916818786,-33770080.5838576,-8.815628094791744,-5.088526572247073,-5.601666971321447,-0.6367286859814313,-0.1316253826015249,-1.9671050000000223,-17.13046684823581,-19.865925916818785,-33.770080583857606
202,202,-220191.78891128898,-4780289.117029755,-688111.0090107869,-80404.65128737352,-2581793.9789130255,-6140122.291736708,-2113735.936135334,-7128829.740946157,-14490912.836888937,-4.7802891170297555,-2.5817939789130255,-2.113735936135334,-0.220191788911289,-0.08040465128737352,-0.6881110090107869,-6.140122291736708,-7.1288297409461565,-14.490912836888937
206,206,-156019.52169874072,-3573399.2561117746,-468560.29895958456,-5106.553484641387,-1953768.115543394,-27297480.82033637,78615.64324196512,-27927167.19447934,-33454334.566134505,-3.5733992561117747,-1.953768115543394,0.07861564324196513,-0.15601952169874073,-0.005106553484641387,-0.46856029895958456,-27.29748082033637,-27.92716719447934,-33.454334566134506
209,209,-399469.5471930178,-6342528.892824883,-1241176.2823896154,-65234.98730372918,-3580073.683422328,-16020512.078218585,176725.75054919004,-17726392.89510495,-27648995.47135216,-6.342528892824883,-3.580073683422328,0.17672575054919004,-0.3994695471930178,-0.06523498730372919,-1.2411762823896155,-16.020512078218584,-17.726392895104947,-27.64899547135216
227,227,-134172.47972749203,-4020969.2679245314,-233992.0589854638,-25237.759822066037,-2270500.8357484313,-3562701.834830711,50760.500740016134,-3956104.133365733,-10247574.237038696,-4.0209692679245315,-2.270500835748431,0.05076050074001613,-0.13417247972749202,-0.025237759822066035,-0.2339920589854638,-3.5627018348307113,-3.956104133365733,-10.247574237038696
233,233,-138633.91150894307,-3450677.4176571323,-418911.3388511013,-5449.497720197919,-1866227.8941063904,-21628804.89514859,-261824.7306119177,-22191799.643228833,-27508704.954992354,-3.450677417657132,-1.8662278941063903,-0.2618247306119177,-0.13863391150894308,-0.005449497720197919,-0.41891133885110127,-21.62880489514859,-22.191799643228833,-27.508704954992353
240,240,-154377.49251093605,-4510707.737560133,-192378.28103611217,-18747.309233990447,-2618383.4795429665,-6680191.851597967,-964.1680155875702,-7045694.934379005,-14174786.151482105,-4.510707737560134,-2.6183834795429664,-0.0009641680155875701,-0.15437749251093605,-0.018747309233990445,-0.19237828103611215,-6.680191851597967,-7.0456949343790045,-14.174786151482106
243,243,-688613.6489748929,-11862438.202991318,-2079518.918343028,-303201.4588231789,-6584098.933666738,-13213875.027465824,-2777881.210775377,-16285209.053606924,-34731746.190264985,-11.862438202991317,-6.584098933666738,-2.7778812107753774,-0.688613648974893,-0.3032014588231789,-2.079518918343028,-13.213875027465823,-16.285209053606923,-34.731746190264985
245,245,-315818.51993815554,-5669598.553976122,-647889.2046591948,-52390.538884960304,-3444964.9766056845,-26879516.35010324,-4905601.2243300015,-27895614.61358555,-37010178.144167356,-5.6695985539761224,-3.4449649766056845,-4.905601224330002,-0.3158185199381555,-0.05239053888496031,-0.6478892046591948,-26.87951635010324,-27.89561461358555,-37.010178144167355
249,249,-568517.8440282953,-5951777.612817527,-1799157.2794257891,-126189.56832589672,-3652559.827668053,-15767327.888513744,-5385646.362273902,-18261192.580293726,-27865530.020779304,-5.951777612817526,-3.6525598276680533,-5.385646362273902,-0.5685178440282953,-0.12618956832589673,-1.799157279425789,-15.767327888513744,-18.261192580293727,-27.865530020779303
25,25,-229397.5909474288,-3842050.365645922,-749441.0232135275,-27799.760918590975,-2146450.6436105366,-26213575.413102664,-5451812.105507873,-27220213.78818221,-33208714.797438666,-3.842050365645922,-2.1464506436105366,-5.451812105507873,-0.22939759094742881,-0.027799760918590974,-0.7494410232135276,-26.213575413102664,-27.22021378818221,-33.20871479743867
250,250,-449814.1391281492,-39033242.38441018,-386189.5829639962,-171031.56157660272,-19240286.715449188,-8636650.340494756,273666.60463793454,-9643685.624163505,-67917214.72402288,-39.03324238441018,-19.240286715449187,0.2736666046379345,-0.4498141391281492,-0.1710315615766027,-0.3861895829639962,-8.636650340494755,-9.643685624163504,-67.91721472402288
255,255,-113310.84828702678,-3527617.033737953,-273438.5229790495,-5242.929282367978,-1920036.121753157,-7045594.961232118,-501015.50825388794,-7437587.261780563,-12885240.417271674,-3.5276170337379527,-1.920036121753157,-0.501015508253888,-0.11331084828702678,-0.005242929282367978,-0.27343852297904947,-7.045594961232118,-7.437587261780563,-12.885240417271673
261,261,-117059.17776759356,-3223784.9981453894,-378643.4407177837,-52468.739541825504,-1704693.9771062352,-4601997.834202288,-2305098.1846053223,-5150169.192229491,-10078648.167481115,-3.223784998145389,-1.7046939771062353,-2.3050981846053222,-0.11705917776759356,-0.0524687395418255,-0.3786434407177837,-4.601997834202288,-5.150169192229491,-10.078648167481115
267,267,-181216.00052623375,-3576878.303255891,-590407.1118088925,-12562.03479726749,-1956982.6053067583,-10742678.877847726,20189.95223863587,-11526864.024980118,-17060724.933542766,-3.576878303255891,-1.9569826053067583,0.02018995223863587,-0.18121600052623374,-0.01256203479726749,-0.5904071118088925,-10.742678877847725,-11.526864024980119,-17.060724933542765
27,27,-214263.38862385572,-3758757.8132895664,-699487.2676303958,-27506.100581844938,-2086937.2983582704,-24257895.803687997,-5120282.318797795,-25199152.560524095,-31044847.67217193,-3.7587578132895665,-2.0869372983582704,-5.120282318797795,-0.21426338862385572,-0.02750610058184494,-0.6994872676303958,-24.257895803687997,-25.199152560524094,-31.044847672171933
270,270,-151280.649894981,-11076130.46524842,-251781.02281885865,-7619.544151958515,-5493731.5520326225,-7432897.035841353,-473022.41677637136,-7843578.252707152,-24413440.269988194,-11.07613046524842,-5.493731552032623,-0.47302241677637136,-0.151280649894981,-0.007619544151958515,-0.25178102281885867,-7.4328970358413535,-7.843578252707152,-24.413440269988193
273,273,-163678.0817398619,-3561471.9966258584,-509311.1791528679,-13974.460544013094,-1945537.4422950253,-9813095.043813806,52391.0316484157,-10500058.765250549,-16007068.204171432,-3.5614719966258583,-1.9455374422950253,0.0523910316484157,-0.1636780817398619,-0.013974460544013094,-0.5093111791528678,-9.813095043813806,-10.500058765250548,-16.007068204171432
277,277,-262982.15785220684,-25041091.552207287,-202729.05771652097,-60891.05746164966,-12298827.571812635,-9130764.4091066,-3282962.197397316,-9657366.682136977,-46997285.806156896,-25.041091552207288,-12.298827571812636,-3.2829621973973158,-0.26298215785220685,-0.06089105746164966,-0.20272905771652097,-9.130764409106598,-9.657366682136978,-46.997285806156896
28,28,-1281627.3568132352,-61272403.03390018,-2551567.0417691534,-241462.3347631658,-30957887.33441809,-25520882.10680478,227117.82482313347,-29595538.840150334,-121825829.20846859,-61.272403033900176,-30.95788733441809,0.22711782482313347,-1.2816273568132353,-0.2414623347631658,-2.5515670417691534,-25.52088210680478,-29.595538840150333,-121.82582920846859
284,284,-274803.0304643845,-4146020.500397512,-883839.5171011481,-10771.461923286804,-2363348.814401673,-25103429.260658644,-285999.71541029355,-26272843.270147465,-32782212.58494665,-4.146020500397512,-2.363348814401673,-0.28599971541029356,-0.2748030304643845,-0.010771461923286804,-0.8838395171011482,-25.103429260658643,-26.272843270147465,-32.78221258494665
285,285,-571671.8695196597,-27041298.19375701,-1198419.001695178,-127952.47001257322,-13668943.99373594,-11457862.7273555,-5299926.413883233,-13355906.068582911,-54066148.25607586,-27.041298193757008,-13.668943993735938,-5.299926413883234,-0.5716718695196596,-0.12795247001257323,-1.198419001695178,-11.4578627273555,-13.355906068582911,-54.066148256075856
289,289,-536623.9319535441,-45172758.46108522,-447329.99999990955,-75878.9009403073,-22325340.519414105,-11179043.39170248,-5171806.732805694,-12238876.224596241,-79736975.20509557,-45.17275846108522,-22.325340519414105,-5.1718067328056945,-0.5366239319535442,-0.0758789009403073,-0.4473299999999095,-11.17904339170248,-12.238876224596241,-79.73697520509558
308,308,-793190.3856512317,-31802725.41383822,-1798076.4311998207,-144330.094699999,-16247962.13882817,-21813533.968179625,-568893.3687523839,-24549130.879730675,-72599818.43239707,-31.802725413838218,-16.247962138828168,-0.5688933687523838,-0.7931903856512318,-0.144330094699999,-1.7980764311998207,-21.813533968179623,-24.549130879730676,-72.59981843239707
331,331,-882199.3559535376,-45232975.77197797,-405408.7374926392,-266930.4643584318,-23936601.31629083,-10505659.546078738,-5978267.165509897,-12060198.103883347,-81229775.19215214,-45.23297577197797,-23.93660131629083,-5.978267165509897,-0.8821993559535376,-0.2669304643584318,-0.4054087374926392,-10.505659546078737,-12.060198103883346,-81.22977519215215
334,334,-231497.12497169632,-3853605.355060055,-756370.9959497428,-34955.03775566326,-2154706.796831145,-8983478.5946012,3751600.3951094844,-10006301.753278304,-16014613.905169504,-3.853605355060055,-2.154706796831145,3.7516003951094845,-0.23149712497169633,-0.03495503775566326,-0.7563709959497429,-8.9834785946012,-10.006301753278304,-16.014613905169504
348,348,-678229.2956516924,-12794190.682905115,-2014298.8370143033,-280880.74401174125,-7014807.764412533,-12268642.583232127,-5903486.241562325,-15242051.459909864,-35051049.907227516,-12.794190682905116,-7.014807764412533,-5.903486241562325,-0.6782292956516924,-0.28088074401174123,-2.0142988370143033,-12.268642583232127,-15.242051459909863,-35.051049907227515
351,351,-305165.3532088936,-5387266.618679562,-676729.999999996,-56311.76969599012,-3244441.774442886,-28666962.588656586,-9529982.953675825,-29705169.711561464,-38336878.10468391,-5.387266618679561,-3.244441774442886,-9.529982953675825,-0.3051653532088936,-0.056311769695990124,-0.6767299999999961,-28.666962588656585,-29.705169711561464,-38.33687810468391
356,356,-651248.9045558185,-7287846.039461878,-2072229.2979151767,-268812.37049437803,-4372739.307411585,-10626778.360790435,-4041354.375152002,-13619068.933755808,-25279654.28062927,-7.287846039461878,-4.372739307411585,-4.041354375152002,-0.6512489045558185,-0.268812370494378,-2.0722292979151766,-10.626778360790436,-13.619068933755807,-25.27965428062927
358,358,-448869.0884271304,-38935286.03522985,-220612.9515853141,-66625.90780390869,-19343076.3847796,-10854560.960746463,-4758888.192074515,-11590668.908562817,-69869031.32857227,-38.93528603522984,-19.3430763847796,-4.758888192074515,-0.4488690884271304,-0.06662590780390869,-0.2206129515853141,-10.854560960746463,-11.590668908562817,-69.86903132857228
390,390,-274031.9286404816,-9634824.328489464,-695628.8587068407,-91289.43481586236,-4992155.510395102,-3895160.870623783,-3606620.840903969,-4956111.092786968,-19583090.931671534,-9.634824328489463,-4.9921555103951025,-3.606620840903969,-0.2740319286404816,-0.09128943481586237,-0.6956288587068407,-3.895160870623783,-4.956111092786967,-19.583090931671535
392,392,-105594.00371611802,-3160685.299228995,-340800.1180212586,-19508.716758359216,-1659608.6236059722,-4381412.817684522,166408.1384970246,-4847315.656180258,-9667609.579015225,-3.1606852992289953,-1.6596086236059722,0.1664081384970246,-0.10559400371611802,-0.019508716758359218,-0.3408001180212586,-4.381412817684522,-4.847315656180258,-9.667609579015226
394,394,-270827.34123657324,-5580457.129827184,-832036.5766858978,-36174.89692551355,-3035857.408056913,-5216957.850416108,-22546.848111764426,-6355996.665264092,-14972311.20314819,-5.580457129827184,-3.0358574080569127,-0.022546848111764425,-0.27082734123657326,-0.03617489692551355,-0.8320365766858978,-5.216957850416108,-6.355996665264092,-14.97231120314819
423,423,-256456.84119304823,-5528406.1313862,-776867.5269019462,-33307.190747951245,-2998520.7240728065,-14734766.042352235,2542908.2705356427,-15801397.60119518,-24328324.456654187,-5.5284061313862,-2.9985207240728067,2.542908270535643,-0.25645684119304824,-0.03330719074795124,-0.7768675269019462,-14.734766042352234,-15.80139760119518,-24.328324456654187
459,459,-862787.7783924832,-32212799.868491005,-2020061.8361616645,-143991.7195170194,-16540818.621721808,-23379683.3699232,-1080300.9444611003,-26406524.703994367,-75160143.19420718,-32.212799868491004,-16.540818621721808,-1.0803009444611003,-0.8627877783924832,-0.1439917195170194,-2.0200618361616645,-23.3796833699232,-26.406524703994368,-75.16014319420718
464,464,-122764.09044788333,-3282220.983400221,-389737.6956653875,-36633.030478295936,-1746301.326178511,-3516896.9482950284,509.00140941475456,-4066031.7648865953,-9094554.074465327,-3.282220983400221,-1.746301326178511,0.0005090014094147545,-0.12276409044788332,-0.036633030478295935,-0.3897376956653875,-3.5168969482950283,-4.066031764886596,-9.094554074465327
469,469,-247808.91524620852,-3943378.877074457,-810211.63895655,-84953.6761519039,-2218850.858443004,-10080752.044477511,-3310231.085695225,-11223726.274832174,-17385956.010349635,-3.9433788770744567,-2.218850858443004,-3.3102310856952246,-0.24780891524620852,-0.0849536761519039,-0.81021163895655,-10.080752044477512,-11.223726274832174,-17.385956010349634
486,486,-790290.8819166297,-44418449.368100695,-1324342.3138370991,-174305.49292098422,-22322595.097521745,-12759339.975955404,-5501602.629333613,-15048278.664630117,-81789323.13025256,-44.418449368100696,-22.322595097521745,-5.501602629333614,-0.7902908819166298,-0.1743054929209842,-1.324342313837099,-12.759339975955404,-15.048278664630116,-81.78932313025255
493,493,-110803.01075264582,-3189353.5753652807,-357993.5887288769,-6512.259263761658,-1680092.3879668792,-1843787.3658988893,5444.673911273845,-2319096.224644174,-7188542.187976333,-3.189353575365281,-1.6800923879668792,0.005444673911273845,-0.11080301075264581,-0.006512259263761658,-0.3579935887288769,-1.8437873658988893,-2.319096224644174,-7.188542187976333
499,499,-211407.42057013977,-3743039.715727748,-690060.5183998571,-31658.879417422293,-2075706.5635513556,-23472916.34748895,-4386250.873157958,-24406043.16587637,-30224789.44515547,-3.7430397157277477,-2.0757065635513556,-4.386250873157958,-0.21140742057013978,-0.03165887941742229,-0.690060518399857,-23.47291634748895,-24.40604316587637,-30.224789445155473
517,517,-104413.81334968135,-3397536.0051259445,-267280.09039448784,-17704.944399289532,-1827529.1573880273,-5835824.115748005,-143146.50365339706,-6225222.963891463,-11450288.126405435,-3.3975360051259447,-1.8275291573880272,-0.14314650365339707,-0.10441381334968135,-0.017704944399289532,-0.26728009039448786,-5.835824115748005,-6.225222963891463,-11.450288126405434
521,521,-796984.309117368,-33507749.075357676,-1454740.295129978,-269902.16787320806,-17342287.18247126,-6509827.718492732,-9193143.75706394,-9031454.490613285,-59881490.74844222,-33.50774907535767,-17.34228718247126,-9.19314375706394,-0.796984309117368,-0.2699021678732081,-1.4547402951299782,-6.5098277184927325,-9.031454490613285,-59.88149074844222
531,531,-358229.92668208,-4578130.082099217,-1166944.3551204195,-132180.49022305108,-2672241.0821901076,-8956995.863905897,-5002085.655379133,-10614350.635931447,-17864721.800220773,-4.578130082099217,-2.6722410821901077,-5.002085655379133,-0.35822992668208004,-0.1321804902230511,-1.1669443551204195,-8.956995863905897,-10.614350635931448,-17.864721800220774
533,533,-751959.8172854104,-6772099.219232654,-2458800.191874434,-152380.02069810178,-4239707.8048791755,-27349931.24892059,-349176.0741875505,-30713071.278778534,-41724878.30289036,-6.772099219232654,-4.239707804879176,-0.34917607418755053,-0.7519598172854104,-0.15238002069810178,-2.4588001918744338,-27.34993124892059,-30.713071278778536,-41.72487830289036
538,538,-278074.15077562555,-13010080.53304571,-631610.4883155179,-68533.91275324521,-6581761.022042856,-12925413.88980676,264055.24429674324,-13903632.441651149,-33495473.996739715,-13.01008053304571,-6.581761022042856,0.26405524429674326,-0.27807415077562553,-0.0685339127532452,-0.6316104883155179,-12.92541388980676,-13.90363244165115,-33.49547399673972
540,540,-346275.0074873485,-4566411.911710947,-1112012.3988143562,-70498.81376290503,-2663576.86397543,-49439927.33952002,920430.2612447368,-50968713.55958463,-58198702.33527101,-4.566411911710947,-2.66357686397543,0.9204302612447368,-0.3462750074873485,-0.07049881376290504,-1.1120123988143562,-49.439927339520025,-50.968713559584636,-58.19870233527101
546,546,-163761.83669574402,-3480817.6174262166,-532795.8142158802,-85171.80200188796,-1888346.3035100258,-7415363.689211061,-819813.9749262839,-8197093.142124574,-13566257.063060816,-3.4808176174262164,-1.8883463035100259,-0.8198139749262839,-0.163761836695744,-0.08517180200188797,-0.5327958142158802,-7.415363689211061,-8.197093142124574,-13.566257063060817
550,550,-355676.7646290079,-6047434.172237609,-1112100.7166316109,-57864.68499658651,-3369517.08306574,-24077844.17104707,220225.73712286865,-25603486.337304275,-35020437.592607625,-6.047434172237608,-3.3695170830657397,0.22022573712286866,-0.3556767646290079,-0.057864684996586514,-1.1121007166316108,-24.07784417104707,-25.603486337304275,-35.02043759260763
552,552,-169683.10870258178,-3594521.245737231,-529132.0882931261,-88865.56461981505,-1969151.4547973468,-3415513.631114776,-1972290.5366021194,-4203194.392730298,-9766867.093264876,-3.594521245737231,-1.9691514547973468,-1.9722905366021195,-0.16968310870258177,-0.08886556461981505,-0.5291320882931261,-3.415513631114776,-4.203194392730299,-9.766867093264876
556,556,-238501.22383049544,-3919191.537628266,-771753.4999527433,-12982.435449975008,-2201423.0319838044,-15016569.953547817,-708332.0409322723,-16039807.112781031,-22160421.682393104,-3.919191537628266,-2.2014230319838046,-0.7083320409322723,-0.23850122383049543,-0.012982435449975007,-0.7717534999527433,-15.016569953547817,-16.03980711278103,-22.160421682393103
558,558,-1265138.3254802153,-52053572.663613416,-2651862.5987793235,-229538.75932528512,-26659788.83062905,-25088959.2565288,-4198638.484168677,-29235498.940113623,-107948860.43435608,-52.053572663613416,-26.65978883062905,-4.198638484168677,-1.2651383254802153,-0.2295387593252851,-2.6518625987793234,-25.0889592565288,-29.235498940113622,-107.94886043435608
564,564,-535438.9046372946,-50979916.229344666,-275279.9999999243,-78190.68166777225,-25080285.614042465,-11060217.640552577,-5001812.299306216,-11949127.226857567,-88009329.0702447,-50.97991622934467,-25.080285614042463,-5.0018122993062155,-0.5354389046372946,-0.07819068166777225,-0.27527999999992425,-11.060217640552576,-11.949127226857566,-88.0093290702447
565,565,-741060.0909027767,-16295966.507486504,-2074700.50148341,-165086.4026022716,-8810728.422211926,-19341708.21538301,-187941.1933488658,-22322555.210371472,-47429250.1400699,-16.295966507486504,-8.810728422211927,-0.1879411933488658,-0.7410600909027767,-0.16508640260227161,-2.07470050148341,-19.34170821538301,-22.322555210371473,-47.429250140069904
569,569,-356092.54651531426,-4620443.691253348,-1144417.3405843612,-73507.04486696703,-2702183.1001818045,-41881749.570849515,588978.5838143376,-43455766.502816156,-50778393.29425131,-4.620443691253349,-2.7021831001818044,0.5889785838143377,-0.35609254651531425,-0.07350704486696703,-1.1444173405843612,-41.881749570849514,-43.455766502816154,-50.77839329425131
57,57,-162622.1811259182,-3528622.3008009167,-513562.00863720337,-14002.185493463714,-1922211.7478663805,-7041281.554634409,1520282.7556613146,-7731467.929890994,-13182301.97855829,-3.5286223008009165,-1.9222117478663805,1.5202827556613145,-0.1626221811259182,-0.014002185493463715,-0.5135620086372034,-7.041281554634409,-7.731467929890994,-13.182301978558291
594,594,-701164.2769751268,-36781538.5567404,-1184881.6206918168,-122469.81002935146,-18627270.980539933,-17472427.83860195,-457686.21865867625,-19480943.546298247,-74889753.08357859,-36.7815385567404,-18.627270980539933,-0.45768621865867626,-0.7011642769751268,-0.12246981002935146,-1.1848816206918167,-17.472427838601952,-19.480943546298246,-74.88975308357858
602,602,-724676.4228473313,-17302854.953080636,-1958734.120880256,-160470.93664048502,-9294539.69588742,-19359454.396194153,-278906.08459224284,-22203335.876562223,-48800730.52553028,-17.302854953080637,-9.294539695887421,-0.27890608459224286,-0.7246764228473312,-0.160470936640485,-1.958734120880256,-19.359454396194153,-22.20333587656222,-48.80073052553028
612,612,-1002259.5687224555,-39014212.95915575,-2140032.3930206005,-403955.1249542574,-20104582.798659574,-8763325.242295483,-10451631.92970274,-12309572.328992797,-71428368.08680813,-39.014212959155756,-20.104582798659575,-10.45163192970274,-1.0022595687224556,-0.4039551249542574,-2.1400323930206007,-8.763325242295483,-12.309572328992797,-71.42836808680813
614,614,-127597.74015818031,-3335861.888280633,-397956.15600412333,-23436.335852821616,-1784482.5433126718,-9148592.427306982,-815435.6926361766,-9697582.659322107,-14817927.090915412,-3.335861888280633,-1.7844825433126719,-0.8154356926361765,-0.12759774015818032,-0.023436335852821615,-0.3979561560041233,-9.148592427306982,-9.697582659322107,-14.817927090915411
62,62,-166105.99911679304,-3520757.387225516,-532797.1755020479,-22290.71022149592,-1916737.9253038787,-1769776.2346260827,455530.5049377804,-2490970.1194664193,-7928465.431995814,-3.5207573872255162,-1.9167379253038788,0.45553050493778036,-0.16610599911679305,-0.02229071022149592,-0.5327971755020479,-1.7697762346260828,-2.4909701194664193,-7.928465431995813
625,625,-314231.19845710514,-4390055.6965445,-1006244.7759145312,-11847.394252591204,-2537568.619256501,-17238797.96545729,-775892.4315189254,-18571121.33408152,-25498745.64988252,-4.3900556965445,-2.537568619256501,-0.7758924315189254,-0.3142311984571051,-0.011847394252591204,-1.0062447759145312,-17.23879796545729,-18.571121334081518,-25.498745649882522
627,627,-281888.03635842743,-4185013.51844746,-907225.1336780324,-108598.61034124784,-2391209.708082852,-8191239.270354268,197644.59501310042,-9488951.050731976,-16065174.277262287,-4.18501351844746,-2.391209708082852,0.19764459501310042,-0.2818880363584274,-0.10859861034124783,-0.9072251336780325,-8.191239270354268,-9.488951050731975,-16.065174277262287
628,628,-314612.7606666569,-4392155.661222967,-1007504.2057112388,-20243.608700412857,-2539069.0646071555,-19748232.411432143,-1435261.3807131576,-21090592.986510452,-28021817.712340575,-4.392155661222968,-2.5390690646071556,-1.4352613807131576,-0.3146127606666569,-0.020243608700412856,-1.0075042057112389,-19.748232411432145,-21.09059298651045,-28.021817712340575
629,629,-193668.3722895551,-10073285.691018011,-430371.3072406336,-49080.16100020853,-5070985.942758763,-15912670.297987234,-457684.9867923275,-16585790.138517631,-31730061.772294406,-10.073285691018011,-5.070985942758763,-0.4576849867923275,-0.19366837228955508,-0.04908016100020853,-0.4303713072406336,-15.912670297987233,-16.58579013851763,-31.730061772294405
63,63,-776342.1829805106,-28051807.47287781,-1781145.547132884,-192875.4645144854,-14506441.211993542,-12302619.252317566,-5688994.656204676,-15052982.446945447,-57611231.131816804,-28.05180747287781,-14.506441211993542,-5.6889946562046765,-0.7763421829805106,-0.1928754645144854,-1.7811455471328839,-12.302619252317566,-15.052982446945448,-57.6112311318168
648,648,-734950.8099639008,-26784905.31203208,-1752829.094326873,-142771.0513001565,-13779108.373930246,-19955938.891129248,-466608.00501338893,-22586489.846720178,-63150503.53268251,-26.78490531203208,-13.779108373930246,-0.46660800501338895,-0.7349508099639008,-0.14277105130015652,-1.7528290943268732,-19.955938891129247,-22.586489846720177,-63.15050353268251
662,662,-669757.4302789338,-13269055.281750966,-1963127.402963848,-249646.4648197163,-7236438.715039318,-6583700.101572678,-8657872.441290906,-9466231.399635177,-29971725.39642546,-13.269055281750965,-7.236438715039318,-8.657872441290905,-0.6697574302789339,-0.24964646481971628,-1.9631274029638481,-6.583700101572679,-9.466231399635177,-29.97172539642546
669,669,-181570.75291586173,-3659946.05022039,-568369.8664589737,-40087.36472863222,-2015898.1190202157,-4380017.889961472,2316252.062009369,-5170045.874064939,-10845890.043305544,-3.6599460502203898,-2.015898119020216,2.316252062009369,-0.18157075291586172,-0.040087364728632224,-0.5683698664589737,-4.380017889961472,-5.1700458740649395,-10.845890043305545
670,670,-270134.67589898605,-4093289.3134008944,-876166.6496579482,-129883.57429075995,-2325817.599614286,-5384343.425427373,105555.72795800232,-6660528.325275067,-13079635.238290247,-4.093289313400894,-2.325817599614286,0.10555572795800232,-0.27013467589898604,-0.12988357429075995,-0.8761666496579482,-5.384343425427373,-6.6605283252750676,-13.079635238290246
673,673,-90734.05169609618,-3078902.1100540543,-291751.5857422225,-6444.911207715069,-1601173.7331445047,-2381350.0728738173,1169747.4064020296,-2770280.621519851,-7450356.464718411,-3.078902110054054,-1.6011737331445046,1.1697474064020295,-0.09073405169609618,-0.006444911207715069,-0.2917515857422225,-2.3813500728738175,-2.770280621519851,-7.450356464718411
678,678,-321223.9155461368,-4590771.459660332,-982909.4061335968,-85509.80810934336,-2680107.588039657,-22353366.532424383,-4688860.998151374,-23743009.66221346,-31013888.709913447,-4.590771459660331,-2.680107588039657,-4.688860998151374,-0.3212239155461368,-0.08550980810934336,-0.9829094061335968,-22.35336653242438,-23.74300966221346,-31.01388870991345
680,680,-733377.5724772902,-9481828.231619596,-1592915.0557739686,-121215.4549657399,-6160679.27961212,-18656783.6009964,-165170.4960894549,-21104291.6842134,-36746799.19544512,-9.481828231619597,-6.16067927961212,-0.1651704960894549,-0.7333775724772902,-0.1212154549657399,-1.5929150557739686,-18.656783600996402,-21.1042916842134,-36.74679919544512
682,682,-1263364.298663221,-50313227.52501701,-2700159.4620624883,-230558.0261106905,-25827610.70611019,-25054719.014263712,-4201467.823615313,-29248800.801100112,-105389639.03222731,-50.313227525017005,-25.82761070611019,-4.201467823615313,-1.263364298663221,-0.23055802611069048,-2.7001594620624885,-25.05471901426371,-29.248800801100113,-105.38963903222731
689,689,-458541.8849246091,-6200225.796527525,-1443893.5561396452,-142347.80841258558,-3595769.716185549,-12190261.761076543,-5487408.874634856,-14235045.010553382,-24031040.523266457,-6.200225796527525,-3.595769716185549,-5.487408874634856,-0.4585418849246091,-0.14234780841258557,-1.443893556139645,-12.190261761076544,-14.235045010553382,-24.03104052326646
694,694,-355402.6025592581,-6100002.183149873,-1095723.6622603426,-64696.06819249715,-3406785.971646694,-16078967.16495723,731474.9896642005,-17594789.49796933,-27101577.652765896,-6.100002183149873,-3.406785971646694,0.7314749896642004,-0.3554026025592581,-0.06469606819249715,-1.0957236622603426,-16.07896716495723,-17.59478949796933,-27.101577652765897
726,726,-262539.6299402593,-4078527.684563298,-843361.47278123,-18166.888327394827,-2315124.5357938544,-14506051.278294247,-1371858.5638326656,-15630119.26934313,-22023771.48970028,-4.078527684563298,-2.3151245357938546,-1.3718585638326655,-0.2625396299402593,-0.018166888327394826,-0.84336147278123,-14.506051278294247,-15.63011926934313,-22.02377148970028
73,73,-244857.6955367384,-4170482.5509755746,-730845.9403759394,-89561.49723893018,-2379807.042304901,-7755149.065664371,-2541977.5948866108,-8820414.198815979,-15370703.792096455,-4.170482550975574,-2.379807042304901,-2.541977594886611,-0.24485769553673842,-0.08956149723893018,-0.7308459403759393,-7.75514906566437,-8.820414198815978,-15.370703792096455
736,736,-254286.11188824667,-4006065.202118768,-823854.9865778962,-59121.59748988133,-2263495.116964861,-16882944.46779155,-36513.12095711637,-18020207.163747575,-24289767.482831202,-4.0060652021187675,-2.2634951169648607,-0.03651312095711637,-0.2542861118882467,-0.05912159748988133,-0.8238549865778961,-16.88294446779155,-18.020207163747575,-24.289767482831202
750,750,-526887.5884645539,-10141688.886153782,-1027390.4718527917,-121038.33800707148,-6048205.94140087,-14316500.818682414,-5590093.516299332,-15991817.21700683,-32181712.044561483,-10.141688886153782,-6.0482059414008695,-5.590093516299332,-0.526887588464554,-0.12103833800707148,-1.0273904718527918,-14.316500818682414,-15.991817217006831,-32.181712044561486
755,755,-475161.0965705045,-39887381.21493936,-454380.6554427568,-160014.53273532525,-19674444.93083095,-8978074.420026587,281842.1392968774,-10067630.704775173,-69629456.85054548,-39.88738121493936,-19.67444493083095,0.28184213929687735,-0.4751610965705045,-0.16001453273532526,-0.4543806554427568,-8.978074420026587,-10.067630704775173,-69.62945685054548
759,759,-904905.5722216911,-56097174.5521567,-1439627.1693187484,-298226.754082854,-27965976.87608968,-7327895.309133144,-10150357.427914659,-9970654.804756436,-94033806.23300281,-56.0971745521567,-27.96597687608968,-10.150357427914658,-0.9049055722216911,-0.29822675408285404,-1.4396271693187483,-7.327895309133144,-9.970654804756437,-94.0338062330028
761,761,-230262.74357522847,-4862754.038381653,-713616.3435418333,-61297.48540054281,-2640570.23840446,-5468916.998507669,1375384.9079790693,-6474093.571025274,-13977417.847811386,-4.862754038381653,-2.6405702384044596,1.3753849079790692,-0.23026274357522847,-0.06129748540054281,-0.7136163435418333,-5.4689169985076695,-6.474093571025274,-13.977417847811386
764,764,-815907.6144998632,-30938848.112175506,-1904003.8743348003,-143501.50559934482,-15865750.788385794,-21496481.964390956,-708848.6843816045,-24359894.958824962,-71164493.85938627,-30.938848112175506,-15.865750788385794,-0.7088486843816045,-0.8159076144998633,-0.14350150559934483,-1.9040038743348002,-21.496481964390956,-24.359894958824963,-71.16449385938627
767,767,-205677.1268469076,-3765579.3761718296,-655674.3042975627,-14846.47219225582,-2091519.90132748,-3785649.1875799224,1071780.3126741769,-4661847.0909166485,-10518946.36841596,-3.7655793761718295,-2.09151990132748,1.071780312674177,-0.20567712684690762,-0.01484647219225582,-0.6556743042975627,-3.7856491875799225,-4.661847090916648,-10.518946368415959
770,770,-173286.94831493273,-3587316.8828123994,-548763.412855332,-20620.15967235518,-1964149.6021506633,-4902674.660387935,617562.2889658647,-5645345.181230555,-11196811.66619362,-3.5873168828123996,-1.9641496021506633,0.6175622889658647,-0.17328694831493271,-0.02062015967235518,-0.548763412855332,-4.902674660387935,-5.645345181230556,-11.19681166619362
775,775,-769826.0738821054,-9574272.322084678,-1744165.5769577082,-281823.5927879182,-6227314.429740505,-9750644.721962884,-6127268.126254437,-12546459.965590615,-28348046.7174158,-9.574272322084678,-6.227314429740505,-6.127268126254436,-0.7698260738821054,-0.28182359278791824,-1.7441655769577082,-9.750644721962884,-12.546459965590614,-28.348046717415798
776,776,-323819.9100973138,-5226942.98542761,-813548.649299638,-32816.565060902976,-3131306.468411414,-17359269.509068023,-2151454.479966813,-18529454.63352588,-26887704.0873649,-5.22694298542761,-3.131306468411414,-2.151454479966813,-0.3238199100973138,-0.032816565060902976,-0.813548649299638,-17.359269509068024,-18.529454633525877,-26.887704087364902
780,780,-277210.18813784316,-4348537.636154224,-837632.4411341448,-58832.312643485646,-2507029.1463031364,-13546707.853129596,260366.79600308425,-14720382.795045068,-21575949.57750243,-4.348537636154224,-2.5070291463031364,0.26036679600308427,-0.27721018813784315,-0.058832312643485644,-0.8376324411341448,-13.546707853129595,-14.720382795045069,-21.57594957750243
789,789,-614196.6619801897,-6013906.314135577,-2004082.669183533,-216468.96645529903,-3697971.540923537,-19473632.699922632,-4630663.0596310245,-22308380.997541655,-32020258.85260077,-6.013906314135577,-3.6979715409235374,-4.630663059631025,-0.6141966619801897,-0.21646896645529903,-2.004082669183533,-19.473632699922632,-22.308380997541654,-32.02025885260077
791,791,-442155.2005466138,-5472636.085742166,-1320181.1583509785,-107096.90226872682,-3309042.6267538145,-11414932.58191716,-1116429.680500099,-13284365.843083479,-22066044.55557946,-5.472636085742166,-3.3090426267538144,-1.116429680500099,-0.4421552005466138,-0.10709690226872681,-1.3201811583509786,-11.41493258191716,-13.284365843083478,-22.06604455557946
809,809,-446820.7754126682,-5498313.5301487055,-1335580.9119376852,-105250.97640823941,-3327389.412521939,-13520645.736363923,-1177292.7323049684,-15408298.400122516,-24234001.34279316,-5.498313530148706,-3.327389412521939,-1.1772927323049684,-0.4468207754126682,-0.10525097640823941,-1.3355809119376851,-13.520645736363923,-15.408298400122517,-24.23400134279316
810,810,-681797.4334655188,-8386798.599648297,-1654745.3235538309,-116201.37616838666,-5382641.930807529,-17651910.917488072,-544182.9330887616,-20104655.05067581,-33874095.58113164,-8.386798599648296,-5.382641930807529,-0.5441829330887616,-0.6817974334655188,-0.11620137616838666,-1.6547453235538307,-17.65191091748807,-20.10465505067581,-33.874095581131634
811,811,-131398.5063144146,-3329741.329716023,-418237.4798349167,-18679.8660350536,-1780255.0795068997,-5216494.648103474,-83317.92377472625,-5784810.500287859,-10894806.909510782,-3.329741329716023,-1.7802550795068997,-0.08331792377472626,-0.1313985063144146,-0.018679866035053602,-0.4182374798349167,-5.216494648103474,-5.7848105002878585,-10.894806909510782
813,813,-642478.8788499103,-9047396.347627204,-1904032.802995244,-131164.16173236977,-5275650.253088929,-22329995.27555661,2196343.0650952407,-25007671.11913413,-39330717.719850264,-9.047396347627204,-5.275650253088929,2.196343065095241,-0.6424788788499103,-0.13116416173236978,-1.904032802995244,-22.32999527555661,-25.00767111913413,-39.33071771985026
822,822,-300225.7009219056,-5599301.744283641,-843975.6408846598,-97954.82654710815,-3164946.236503535,-4574411.686133705,-660200.3678755285,-5816567.854487378,-14580815.835274555,-5.599301744283641,-3.164946236503535,-0.6602003678755285,-0.3002257009219056,-0.09795482654710816,-0.8439756408846598,-4.574411686133705,-5.816567854487378,-14.580815835274555
831,831,-313967.4362470031,-4388604.05560401,-1005374.1708642088,-20608.893547648568,-2536531.407572747,-20365112.02948753,-1502405.459189161,-21705062.53014639,-28630197.993323147,-4.38860405560401,-2.536531407572747,-1.502405459189161,-0.3139674362470031,-0.02060889354764857,-1.0053741708642088,-20.36511202948753,-21.70506253014639,-28.630197993323147
837,837,-151267.61828075294,-3520208.249890475,-460611.6601957514,-3064.359644995413,-1915908.3554119389,-28832885.56169448,79714.30628695322,-29447829.19981598,-34883945.8051184,-3.520208249890475,-1.915908355411939,0.07971430628695321,-0.15126761828075294,-0.003064359644995413,-0.4606116601957514,-28.832885561694482,-29.44782919981598,-34.883945805118394
858,858,-787322.3543536882,-17396527.031152885,-2111358.3358092243,-188329.61891840625,-9477676.421867434,-22525634.120363347,-565112.6179963826,-25612644.429444667,-52486847.88246499,-17.396527031152885,-9.477676421867434,-0.5651126179963827,-0.7873223543536881,-0.18832961891840624,-2.1113583358092245,-22.525634120363346,-25.612644429444668,-52.48684788246499
863,863,-422391.2156791322,-6495718.965788029,-1309098.2176516964,-64696.06819249715,-3689383.757123839,-16215286.022466075,-61888.63574622837,-18011471.5239894,-28196574.24690127,-6.495718965788029,-3.689383757123839,-0.06188863574622837,-0.4223912156791322,-0.06469606819249715,-1.3090982176516963,-16.215286022466074,-18.011471523989403,-28.19657424690127
866,866,-233243.7241489972,-3944333.265999877,-738927.8463277692,-38246.63341076958,-2219095.5728046177,-15474139.409647098,-480273.0585457523,-16484557.613534633,-22647986.452339128,-3.944333265999877,-2.2190955728046178,-0.4802730585457523,-0.2332437241489972,-0.03824663341076958,-0.7389278463277692,-15.474139409647098,-16.484557613534633,-22.64798645233913
873,873,-663410.2958862867,-23447622.311889812,-1539902.1133283344,-183326.38394586107,-12157001.31461359,-12033367.79274987,-5233168.765538606,-14420006.585910354,-50024630.21241376,-23.447622311889813,-12.15700131461359,-5.233168765538606,-0.6634102958862866,-0.18332638394586107,-1.5399021133283344,-12.033367792749871,-14.420006585910354,-50.02463021241376
878,878,-693460.177023026,-6450140.767428884,-2265709.292936434,-131714.08140033478,-4009665.3346099714,-23976747.8481929,-1205299.5074251425,-27067631.399552695,-37527437.50159155,-6.450140767428884,-4.009665334609972,-1.2052995074251425,-0.6934601770230261,-0.13171408140033478,-2.265709292936434,-23.9767478481929,-27.067631399552695,-37.52743750159155
887,887,-101287.59895309532,-3136984.5823677545,-326585.8841703607,-38011.77667910984,-1642674.2290486468,-3727792.2727862657,-2761651.799929325,-4193677.5325888316,-8973336.344005233,-3.1369845823677545,-1.6426742290486467,-2.761651799929325,-0.10128759895309532,-0.03801177667910984,-0.32658588417036066,-3.7277922727862656,-4.193677532588832,-8.973336344005233
895,895,-493515.20755385904,-39765889.50237818,-487474.9999999829,-114789.52801549356,-19671924.911729056,-12447858.630129702,-4733173.730852447,-13543638.365699038,-72981452.77980627,-39.76588950237818,-19.671924911729057,-4.733173730852448,-0.493515207553859,-0.11478952801549357,-0.4874749999999829,-12.447858630129703,-13.543638365699039,-72.98145277980628
90,90,-137817.3364567889,-3446183.3175499537,-416216.0537149263,-3394.6531488074916,-1863016.815520006,-25468544.28257597,59800.60537219506,-26025972.32589649,-31335172.45896645,-3.446183317549954,-1.863016815520006,0.05980060537219506,-0.1378173364567889,-0.0033946531488074916,-0.4162160537149263,-25.46854428257597,-26.02597232589649,-31.33517245896645
935,935,-150902.45549482648,-3464121.6525434693,-474878.48259731225,-22071.742467164273,-1876125.4023271382,-22896459.52884075,-925072.445349485,-23544312.209400054,-28884559.264270663,-3.4641216525434695,-1.8761254023271383,-0.9250724453494851,-0.15090245549482648,-0.022071742467164274,-0.47487848259731225,-22.89645952884075,-23.544312209400054,-28.884559264270663
938,938,-431573.8798831158,-5035862.540363911,-1393560.043815637,-68806.97873277837,-2999003.940605116,-22761366.795560993,2035208.144002546,-24655307.697992526,-32690174.178961553,-5.035862540363911,-2.999003940605116,2.0352081440025462,-0.4315738798831158,-0.06880697873277837,-1.393560043815637,-22.761366795560992,-24.655307697992527,-32.690174178961556
94,94,-83079.33864819109,-3036773.6533515556,-266485.52569633146,-5561.565969448291,-1571072.537806484,-1571456.20303629,73552.00365749662,-1926582.6333502608,-6534428.8245083,-3.0367736533515557,-1.5710725378064838,0.07355200365749662,-0.08307933864819109,-0.005561565969448291,-0.26648552569633144,-1.57145620303629,-1.9265826333502607,-6.5344288245083
940,940,-156537.38379786853,-3495134.027736471,-493477.7999026049,-11849.564375542855,-1898284.048445431,-10006059.446792033,-795085.0781381697,-10667924.194868049,-16061342.27104995,-3.495134027736471,-1.898284048445431,-0.7950850781381698,-0.15653738379786852,-0.011849564375542855,-0.4934777999026049,-10.006059446792033,-10.667924194868048,-16.061342271049952
945,945,-300559.7826164626,-4287775.2874215385,-968855.3292405255,-100761.26517864378,-2464633.999483154,-9706959.8759299,-7211485.219625199,-11077136.252965532,-17829545.539870225,-4.287775287421539,-2.464633999483154,-7.2114852196251995,-0.3005597826164626,-0.10076126517864378,-0.9688553292405255,-9.706959875929899,-11.077136252965532,-17.829545539870225
952,952,-1079691.996312229,-43102442.012077734,-2418823.294302534,-203681.70075675863,-22029668.07686504,-24130539.717572644,-4750133.561245698,-27832736.708944164,-92964846.79788694,-43.10244201207773,-22.02966807686504,-4.750133561245698,-1.079691996312229,-0.20368170075675862,-2.418823294302534,-24.130539717572645,-27.832736708944164,-92.96484679788693
958,958,-240438.61285326647,-3929854.146278769,-778148.27753294,-45074.70029425527,-2209041.5703999675,-14064471.994590169,303893.91017104324,-15128133.58527063,-21267029.301949367,-3.929854146278769,-2.2090415703999673,0.3038939101710432,-0.24043861285326648,-0.045074700294255275,-0.77814827753294,-14.06447199459017,-15.12813358527063,-21.267029301949368
964,964,-204930.867418552,-3761472.264929441,-653211.1113067025,-12254.086256916084,-2088585.3300789963,-15817250.48594952,38730.128477179984,-16687646.55093169,-22537704.145940125,-3.761472264929441,-2.0885853300789963,0.038730128477179986,-0.204930867418552,-0.012254086256916083,-0.6532111113067025,-15.81725048594952,-16.68764655093169,-22.537704145940125
970,970,-147261.5938893603,-3390006.9285997166,-478333.1422765359,-82213.99716278436,-1823461.1760426213,-4788575.69614775,-1610339.6660772834,-5496384.429476431,-10709852.534118768,-3.3900069285997168,-1.8234611760426214,-1.6103396660772835,-0.14726159388936028,-0.08221399716278437,-0.4783331422765359,-4.78857569614775,-5.49638442947643,-10.709852534118768
971,971,-194278.1469443573,-9362002.25656342,-447856.1245904661,-81664.03135773717,-4738899.308415321,-8830614.343917262,-67708.70085274821,-9554412.646809822,-23655314.211788565,-9.36200225656342,-4.738899308415321,-0.06770870085274822,-0.1942781469443573,-0.08166403135773717,-0.4478561245904661,-8.830614343917262,-9.554412646809823,-23.655314211788564
987,987,-260796.27577346787,-4068932.96558779,-837607.1498191872,-98926.50624220744,-2308269.015019982,-5106188.825161337,-33665.38930770483,-6303518.7569961995,-12680720.737603972,-4.06893296558779,-2.3082690150199823,-0.033665389307704824,-0.26079627577346787,-0.09892650624220745,-0.8376071498191873,-5.106188825161337,-6.3035187569961995,-12.680720737603972
